date,team,team_code,opponent,size,lineup,seconds,minutes,plus_minus,pts,fgm,fga,tpm,tpa,ftm,fta,orb,drb,ast,tov,stl,blk,opp_pts,opp_fgm,opp_fga,opp_tpm,opp_tpa,opp_ftm,opp_fta,opp_orb,opp_drb,opp_ast,opp_tov,opp_stl,opp_blk
2026-08-09,Diablos Rojos,DRM,MTY,1,#24 MICHAEL CARRERA,2003,33.38,-13,45,16,54,4,33,9,13,12,21,9,14,10,4,60,28,56,3,13,1,6,9,28,18,15,8,2
2026-08-09,Diablos Rojos,DRM,MTY,1,#9 THOMAS DRECHSEL,1827,30.45,-21,36,12,47,1,26,11,15,13,18,7,13,8,3,57,26,53,4,15,1,4,10,24,18,11,7,2
2026-08-09,Diablos Rojos,DRM,MTY,1,#6 SANTIAGO SCALA,1609,26.82,-15,40,13,40,4,26,10,14,8,12,10,11,7,4,53,24,43,3,10,2,4,6,21,14,9,5,1
2026-08-09,Diablos Rojos,DRM,MTY,1,#7 JOSE CRUZ,1571,26.18,-6,48,17,39,7,24,7,7,5,11,14,10,8,1,50,22,36,1,7,5,8,5,16,12,10,5,1
2026-08-09,Diablos Rojos,DRM,MTY,1,#23 DEVON SCOTT,1372,22.87,-9,33,10,34,4,20,9,13,10,13,7,11,7,2,40,17,35,2,9,4,8,6,16,12,8,5,2
2026-08-09,Diablos Rojos,DRM,MTY,1,#15 BRANDON ROBINSON,1320,22.0,1,32,10,30,4,19,8,12,9,12,5,8,3,4,32,12,31,3,9,5,10,7,14,8,4,4,1
2026-08-09,Diablos Rojos,DRM,MTY,1,#0 YAN DJALO,980,16.33,5,39,14,30,7,19,4,4,5,6,11,7,7,1,34,14,23,1,5,5,8,3,10,6,8,4,0
2026-08-09,Diablos Rojos,DRM,MTY,1,#66 GLENN COSEY,735,12.25,3,24,9,21,3,10,3,3,6,9,4,6,2,0,21,8,20,1,6,4,8,5,6,6,3,4,1
2026-08-09,Diablos Rojos,DRM,MTY,1,#10 BRUNO PEDRO,512,8.53,-10,10,3,12,0,7,4,4,2,5,3,4,0,1,20,8,17,2,7,2,2,4,7,5,1,2,0
2026-08-09,Diablos Rojos,DRM,MTY,2,#24 MICHAEL CARRERA / #9 THOMAS DRECHSEL,1695,28.25,-22,30,10,42,1,25,9,13,11,17,6,13,7,3,54,25,49,3,12,1,4,9,23,17,11,7,2
2026-08-09,Diablos Rojos,DRM,MTY,2,#24 MICHAEL CARRERA / #6 SANTIAGO SCALA,1506,25.1,-12,34,12,39,4,26,6,10,8,12,8,10,7,4,46,22,40,2,8,0,2,5,21,13,9,5,1
2026-08-09,Diablos Rojos,DRM,MTY,2,#24 MICHAEL CARRERA / #7 JOSE CRUZ,1247,20.78,-8,31,12,32,4,19,3,3,5,9,9,7,8,1,37,18,29,1,5,0,2,3,14,11,10,4,1
2026-08-09,Diablos Rojos,DRM,MTY,2,#6 SANTIAGO SCALA / #9 THOMAS DRECHSEL,1225,20.42,-24,21,6,28,1,18,8,12,7,8,5,9,5,3,43,20,34,3,8,0,0,5,17,13,7,4,1
2026-08-09,Diablos Rojos,DRM,MTY,2,#23 DEVON SCOTT / #9 THOMAS DRECHSEL,1220,20.33,-9,24,7,30,1,16,9,13,10,13,5,8,7,2,31,14,32,2,9,1,4,6,15,11,8,4,2
2026-08-09,Diablos Rojos,DRM,MTY,2,#6 SANTIAGO SCALA / #7 JOSE CRUZ,1184,19.73,-9,32,11,28,4,17,6,6,5,7,10,7,6,1,37,17,26,1,4,2,4,3,11,9,7,3,1
2026-08-09,Diablos Rojos,DRM,MTY,2,#23 DEVON SCOTT / #24 MICHAEL CARRERA,1137,18.95,-11,20,6,27,1,16,7,11,8,12,4,8,7,2,31,14,30,2,8,1,4,5,15,11,8,4,2
2026-08-09,Diablos Rojos,DRM,MTY,2,#15 BRANDON ROBINSON / #24 MICHAEL CARRERA,1064,17.73,4,19,6,23,1,15,6,10,7,12,1,5,3,4,16,7,25,2,7,0,4,6,13,6,4,3,1
2026-08-09,Diablos Rojos,DRM,MTY,2,#7 JOSE CRUZ / #9 THOMAS DRECHSEL,998,16.63,-15,20,7,21,1,11,5,5,4,6,7,6,5,0,31,15,24,1,5,0,0,4,9,10,6,3,1
2026-08-09,Diablos Rojos,DRM,MTY,2,#0 YAN DJALO / #7 JOSE CRUZ,907,15.12,6,37,13,27,7,19,4,4,3,6,11,7,6,1,31,13,22,0,4,5,8,3,10,5,7,4,0
2026-08-09,Diablos Rojos,DRM,MTY,2,#15 BRANDON ROBINSON / #6 SANTIAGO SCALA,809,13.48,3,17,5,16,1,12,6,10,4,7,3,3,2,4,16,6,18,2,6,2,4,4,10,4,2,1,0
2026-08-09,Diablos Rojos,DRM,MTY,2,#15 BRANDON ROBINSON / #9 THOMAS DRECHSEL,807,13.45,-8,12,3,18,0,10,6,10,8,9,0,4,2,3,15,6,21,3,8,0,2,6,10,6,3,2,1
2026-08-09,Diablos Rojos,DRM,MTY,2,#23 DEVON SCOTT / #7 JOSE CRUZ,792,13.2,-6,23,8,16,4,10,3,3,1,4,7,6,5,0,25,11,16,0,3,3,4,2,6,6,5,3,1
2026-08-09,Diablos Rojos,DRM,MTY,2,#23 DEVON SCOTT / #66 GLENN COSEY,732,12.2,1,22,8,20,3,10,3,3,6,9,4,6,2,0,21,8,20,1,6,4,8,5,6,6,3,4,1
2026-08-09,Diablos Rojos,DRM,MTY,2,#15 BRANDON ROBINSON / #23 DEVON SCOTT,709,11.82,-3,19,5,18,3,11,6,10,8,7,2,6,2,2,21,8,19,2,5,3,6,4,8,6,3,3,1
2026-08-09,Diablos Rojos,DRM,MTY,2,#0 YAN DJALO / #6 SANTIAGO SCALA,709,11.82,1,26,9,20,4,14,4,4,3,5,8,5,5,1,25,11,18,1,4,2,4,2,7,5,5,3,0
2026-08-09,Diablos Rojos,DRM,MTY,2,#23 DEVON SCOTT / #6 SANTIAGO SCALA,640,10.67,-10,11,2,14,1,10,6,10,4,4,3,4,5,2,19,9,15,1,3,0,0,1,10,6,5,1,1
2026-08-09,Diablos Rojos,DRM,MTY,2,#0 YAN DJALO / #24 MICHAEL CARRERA,606,10.1,4,20,8,20,4,14,0,0,3,5,6,4,6,1,18,9,15,0,2,0,2,1,8,4,7,3,0
2026-08-09,Diablos Rojos,DRM,MTY,2,#66 GLENN COSEY / #9 THOMAS DRECHSEL,583,9.72,3,15,6,17,0,6,3,3,6,9,2,4,2,0,12,5,17,1,6,1,4,5,5,5,3,3,1
2026-08-09,Diablos Rojos,DRM,MTY,2,#0 YAN DJALO / #15 BRANDON ROBINSON,564,9.4,6,20,7,14,4,9,2,2,3,3,5,4,1,1,20,7,11,1,2,5,8,1,4,3,1,2,0
2026-08-09,Diablos Rojos,DRM,MTY,2,#15 BRANDON ROBINSON / #66 GLENN COSEY,514,8.57,0,17,6,15,3,7,2,2,5,5,2,5,1,0,16,6,13,1,3,3,6,3,4,4,2,3,1
2026-08-09,Diablos Rojos,DRM,MTY,2,#15 BRANDON ROBINSON / #7 JOSE CRUZ,513,8.55,9,20,7,12,4,9,2,2,1,3,5,4,1,1,17,6,10,0,1,5,8,1,4,2,1,2,0
2026-08-09,Diablos Rojos,DRM,MTY,2,#24 MICHAEL CARRERA / #66 GLENN COSEY,500,8.33,1,13,5,14,0,6,3,3,4,8,1,4,2,0,12,5,15,1,5,1,4,4,5,5,3,3,1
2026-08-09,Diablos Rojos,DRM,MTY,2,#10 BRUNO PEDRO / #6 SANTIAGO SCALA,475,7.92,-10,10,3,10,0,5,4,4,2,3,3,4,0,1,20,8,15,2,5,2,2,4,5,5,1,2,0
2026-08-09,Diablos Rojos,DRM,MTY,2,#0 YAN DJALO / #9 THOMAS DRECHSEL,430,7.17,-4,11,4,12,1,6,2,2,4,2,4,3,4,0,15,7,11,1,3,0,0,2,3,4,3,2,0
2026-08-09,Diablos Rojos,DRM,MTY,2,#10 BRUNO PEDRO / #9 THOMAS DRECHSEL,399,6.65,-10,6,2,10,0,6,2,2,2,4,1,3,0,1,16,7,14,2,5,0,0,3,6,5,1,2,0
2026-08-09,Diablos Rojos,DRM,MTY,2,#10 BRUNO PEDRO / #24 MICHAEL CARRERA,372,6.2,-7,6,2,9,0,5,2,2,2,4,1,3,0,1,13,6,12,1,3,0,0,3,5,4,1,2,0
2026-08-09,Diablos Rojos,DRM,MTY,2,#66 GLENN COSEY / #7 JOSE CRUZ,350,5.83,3,16,6,9,3,6,1,1,0,3,4,3,1,0,13,5,10,0,3,3,4,2,3,3,1,2,0
2026-08-09,Diablos Rojos,DRM,MTY,2,#0 YAN DJALO / #23 DEVON SCOTT,327,5.45,3,16,5,11,4,7,2,2,3,1,5,4,3,0,13,5,7,0,1,3,4,1,2,2,3,2,0
2026-08-09,Diablos Rojos,DRM,MTY,2,#10 BRUNO PEDRO / #15 BRANDON ROBINSON,300,5.0,-7,4,1,4,0,3,2,2,0,2,2,1,0,1,7,2,7,1,4,2,2,3,3,1,0,0,0
2026-08-09,Diablos Rojos,DRM,MTY,2,#10 BRUNO PEDRO / #7 JOSE CRUZ,288,4.8,-3,8,2,7,0,3,4,4,2,2,3,2,0,0,11,4,7,1,2,2,2,2,3,3,1,0,0
2026-08-09,Diablos Rojos,DRM,MTY,2,#0 YAN DJALO / #66 GLENN COSEY,212,3.53,2,11,4,7,3,4,0,0,2,1,3,2,0,0,9,3,5,0,1,3,4,1,1,1,0,1,0
2026-08-09,Diablos Rojos,DRM,MTY,2,#0 YAN DJALO / #10 BRUNO PEDRO,140,2.33,-3,4,1,2,0,1,2,2,0,0,2,1,0,0,7,2,3,1,2,2,2,1,1,1,0,0,0
2026-08-09,Diablos Rojos,DRM,MTY,2,#6 SANTIAGO SCALA / #66 GLENN COSEY,3,0.05,2,2,1,1,0,0,0,0,0,0,0,0,0,0,0,0,0,0,0,0,0,0,0,0,0,0,0
2026-08-09,Diablos Rojos,DRM,MTY,3,#24 MICHAEL CARRERA / #6 SANTIAGO SCALA / #9 THOMAS DRECHSEL,1198,19.97,-21,19,6,28,1,18,6,10,7,8,5,9,5,3,40,19,33,2,7,0,0,5,17,12,7,4,1
2026-08-09,Diablos Rojos,DRM,MTY,3,#23 DEVON SCOTT / #24 MICHAEL CARRERA / #9 THOMAS DRECHSEL,1137,18.95,-11,20,6,27,1,16,7,11,8,12,4,8,7,2,31,14,30,2,8,1,4,5,15,11,8,4,2
2026-08-09,Diablos Rojos,DRM,MTY,3,#24 MICHAEL CARRERA / #6 SANTIAGO SCALA / #7 JOSE CRUZ,1108,18.47,-9,26,10,27,4,17,2,2,5,7,8,6,6,1,33,16,24,1,3,0,2,2,11,9,7,3,1
2026-08-09,Diablos Rojos,DRM,MTY,3,#24 MICHAEL CARRERA / #7 JOSE CRUZ / #9 THOMAS DRECHSEL,939,15.65,-17,16,6,20,1,11,3,3,4,5,6,6,5,0,31,15,22,1,4,0,0,3,9,10,6,3,1
2026-08-09,Diablos Rojos,DRM,MTY,3,#6 SANTIAGO SCALA / #7 JOSE CRUZ / #9 THOMAS DRECHSEL,800,13.33,-18,13,4,16,1,9,4,4,4,3,5,5,4,0,27,13,17,1,2,0,0,2,7,8,5,2,1
2026-08-09,Diablos Rojos,DRM,MTY,3,#15 BRANDON ROBINSON / #24 MICHAEL CARRERA / #9 THOMAS DRECHSEL,756,12.6,-5,12,3,16,0,10,6,10,6,9,0,4,2,3,12,5,20,2,7,0,2,6,10,5,3,2,1
2026-08-09,Diablos Rojos,DRM,MTY,3,#15 BRANDON ROBINSON / #24 MICHAEL CARRERA / #6 SANTIAGO SCALA,706,11.77,6,13,4,15,1,12,4,8,4,7,1,2,2,4,9,4,15,1,4,0,2,3,10,3,2,1,0
2026-08-09,Diablos Rojos,DRM,MTY,3,#0 YAN DJALO / #6 SANTIAGO SCALA / #7 JOSE CRUZ,682,11.37,4,26,9,20,4,14,4,4,3,5,8,5,5,1,22,10,17,0,3,2,4,2,7,4,5,3,0
2026-08-09,Diablos Rojos,DRM,MTY,3,#23 DEVON SCOTT / #24 MICHAEL CARRERA / #6 SANTIAGO SCALA,640,10.67,-10,9,2,14,1,10,4,8,4,4,3,4,5,2,19,9,15,1,3,0,0,1,10,6,5,1,1
2026-08-09,Diablos Rojos,DRM,MTY,3,#23 DEVON SCOTT / #6 SANTIAGO SCALA / #9 THOMAS DRECHSEL,640,10.67,-10,11,2,14,1,10,6,10,4,4,3,4,5,2,19,9,15,1,3,0,0,1,10,6,5,1,1
2026-08-09,Diablos Rojos,DRM,MTY,3,#23 DEVON SCOTT / #7 JOSE CRUZ / #9 THOMAS DRECHSEL,640,10.67,-6,14,5,12,1,6,3,3,1,4,5,4,5,0,16,8,13,0,3,0,0,2,5,5,5,2,1
2026-08-09,Diablos Rojos,DRM,MTY,3,#0 YAN DJALO / #24 MICHAEL CARRERA / #6 SANTIAGO SCALA,606,10.1,4,20,8,19,4,14,0,0,3,5,6,4,5,1,18,9,15,0,2,0,2,1,7,4,5,3,0
2026-08-09,Diablos Rojos,DRM,MTY,3,#0 YAN DJALO / #24 MICHAEL CARRERA / #7 JOSE CRUZ,606,10.1,4,20,8,20,4,14,0,0,3,5,6,4,6,1,18,9,15,0,2,0,2,1,8,4,7,3,0
2026-08-09,Diablos Rojos,DRM,MTY,3,#23 DEVON SCOTT / #24 MICHAEL CARRERA / #7 JOSE CRUZ,581,9.68,-8,10,4,11,1,6,1,1,1,3,4,4,5,0,16,8,11,0,2,0,0,1,5,5,5,2,1
2026-08-09,Diablos Rojos,DRM,MTY,3,#15 BRANDON ROBINSON / #23 DEVON SCOTT / #9 THOMAS DRECHSEL,580,9.67,-3,10,2,14,0,7,6,10,8,7,0,4,2,2,12,5,16,2,5,0,2,4,7,5,3,2,1
2026-08-09,Diablos Rojos,DRM,MTY,3,#23 DEVON SCOTT / #66 GLENN COSEY / #9 THOMAS DRECHSEL,580,9.67,1,13,5,16,0,6,3,3,6,9,2,4,2,0,12,5,17,1,6,1,4,5,5,5,3,3,1
2026-08-09,Diablos Rojos,DRM,MTY,3,#15 BRANDON ROBINSON / #23 DEVON SCOTT / #24 MICHAEL CARRERA,556,9.27,-3,10,2,12,0,7,6,10,6,7,0,4,2,2,12,5,16,2,5,0,2,4,7,5,3,2,1
2026-08-09,Diablos Rojos,DRM,MTY,3,#0 YAN DJALO / #15 BRANDON ROBINSON / #7 JOSE CRUZ,513,8.55,9,20,7,12,4,9,2,2,1,3,5,4,1,1,17,6,10,0,1,5,8,1,4,2,1,2,0
2026-08-09,Diablos Rojos,DRM,MTY,3,#15 BRANDON ROBINSON / #23 DEVON SCOTT / #66 GLENN COSEY,511,8.52,-2,15,5,14,3,7,2,2,5,5,2,5,1,0,16,6,13,1,3,3,6,3,4,4,2,3,1
2026-08-09,Diablos Rojos,DRM,MTY,3,#24 MICHAEL CARRERA / #66 GLENN COSEY / #9 THOMAS DRECHSEL,500,8.33,1,13,5,14,0,6,3,3,4,8,1,4,2,0,12,5,15,1,5,1,4,4,5,5,3,3,1
2026-08-09,Diablos Rojos,DRM,MTY,3,#23 DEVON SCOTT / #24 MICHAEL CARRERA / #66 GLENN COSEY,497,8.28,-1,11,4,13,0,6,3,3,4,8,1,4,2,0,12,5,15,1,5,1,4,4,5,5,3,3,1
2026-08-09,Diablos Rojos,DRM,MTY,3,#23 DEVON SCOTT / #6 SANTIAGO SCALA / #7 JOSE CRUZ,442,7.37,-9,7,2,7,1,4,2,2,1,1,3,3,4,0,12,6,6,0,0,0,0,0,3,3,4,1,1
2026-08-09,Diablos Rojos,DRM,MTY,3,#15 BRANDON ROBINSON / #6 SANTIAGO SCALA / #9 THOMAS DRECHSEL,425,7.08,-6,6,1,8,0,7,4,8,3,4,0,1,1,3,8,3,11,2,5,0,0,3,7,3,1,0,0
2026-08-09,Diablos Rojos,DRM,MTY,3,#0 YAN DJALO / #15 BRANDON ROBINSON / #6 SANTIAGO SCALA,411,6.85,6,11,4,8,1,5,2,2,1,3,3,2,1,1,11,4,8,1,2,2,4,1,3,2,1,1,0
2026-08-09,Diablos Rojos,DRM,MTY,3,#10 BRUNO PEDRO / #6 SANTIAGO SCALA / #9 THOMAS DRECHSEL,399,6.65,-10,6,2,9,0,5,2,2,2,3,1,3,0,1,16,7,13,2,4,0,0,3,5,5,1,2,0
2026-08-09,Diablos Rojos,DRM,MTY,3,#15 BRANDON ROBINSON / #66 GLENN COSEY / #9 THOMAS DRECHSEL,385,6.42,0,8,3,11,0,3,2,2,5,5,0,3,1,0,7,3,10,1,3,0,2,3,3,3,2,2,1
2026-08-09,Diablos Rojos,DRM,MTY,3,#15 BRANDON ROBINSON / #6 SANTIAGO SCALA / #7 JOSE CRUZ,384,6.4,9,11,4,8,1,5,2,2,1,3,3,2,1,1,8,3,7,0,1,2,4,1,3,1,1,1,0
2026-08-09,Diablos Rojos,DRM,MTY,3,#10 BRUNO PEDRO / #24 MICHAEL CARRERA / #6 SANTIAGO SCALA,372,6.2,-7,6,2,9,0,5,2,2,2,3,1,3,0,1,13,6,12,1,3,0,0,3,5,4,1,2,0
2026-08-09,Diablos Rojos,DRM,MTY,3,#10 BRUNO PEDRO / #24 MICHAEL CARRERA / #9 THOMAS DRECHSEL,372,6.2,-7,6,2,9,0,5,2,2,2,4,1,3,0,1,13,6,12,1,3,0,0,3,5,4,1,2,0
2026-08-09,Diablos Rojos,DRM,MTY,3,#15 BRANDON ROBINSON / #24 MICHAEL CARRERA / #66 GLENN COSEY,361,6.02,0,8,3,9,0,3,2,2,3,5,0,3,1,0,7,3,10,1,3,0,2,3,3,3,2,2,1
2026-08-09,Diablos Rojos,DRM,MTY,3,#0 YAN DJALO / #7 JOSE CRUZ / #9 THOMAS DRECHSEL,357,5.95,-3,9,3,9,1,6,2,2,2,2,4,3,3,0,12,6,10,0,2,0,0,2,3,3,3,2,0
2026-08-09,Diablos Rojos,DRM,MTY,3,#23 DEVON SCOTT / #66 GLENN COSEY / #7 JOSE CRUZ,350,5.83,3,16,6,9,3,6,1,1,0,3,4,3,1,0,13,5,10,0,3,3,4,2,3,3,1,2,0
2026-08-09,Diablos Rojos,DRM,MTY,3,#0 YAN DJALO / #6 SANTIAGO SCALA / #9 THOMAS DRECHSEL,325,5.42,-8,7,2,8,1,6,2,2,2,1,3,3,3,0,15,7,9,1,2,0,0,1,3,4,3,2,0
2026-08-09,Diablos Rojos,DRM,MTY,3,#0 YAN DJALO / #15 BRANDON ROBINSON / #24 MICHAEL CARRERA,308,5.13,9,7,3,7,1,5,0,0,1,3,1,1,1,1,4,2,5,0,0,0,2,0,3,1,1,1,0
2026-08-09,Diablos Rojos,DRM,MTY,3,#15 BRANDON ROBINSON / #24 MICHAEL CARRERA / #7 JOSE CRUZ,308,5.13,9,7,3,7,1,5,0,0,1,3,1,1,1,1,4,2,5,0,0,0,2,0,3,1,1,1,0
2026-08-09,Diablos Rojos,DRM,MTY,3,#0 YAN DJALO / #23 DEVON SCOTT / #7 JOSE CRUZ,303,5.05,3,16,5,9,4,7,2,2,1,1,5,4,3,0,13,5,7,0,1,3,4,1,2,2,3,2,0
2026-08-09,Diablos Rojos,DRM,MTY,3,#10 BRUNO PEDRO / #15 BRANDON ROBINSON / #6 SANTIAGO SCALA,300,5.0,-7,4,1,4,0,3,2,2,0,2,2,1,0,1,7,2,7,1,4,2,2,3,3,1,0,0,0
2026-08-09,Diablos Rojos,DRM,MTY,3,#0 YAN DJALO / #24 MICHAEL CARRERA / #9 THOMAS DRECHSEL,298,4.97,-5,5,2,8,1,6,0,0,2,1,3,3,3,0,12,6,8,0,1,0,0,1,3,3,3,2,0
2026-08-09,Diablos Rojos,DRM,MTY,3,#10 BRUNO PEDRO / #6 SANTIAGO SCALA / #7 JOSE CRUZ,251,4.18,-3,8,2,6,0,2,4,4,2,1,3,2,0,0,11,4,7,1,2,2,2,2,2,3,1,0,0
2026-08-09,Diablos Rojos,DRM,MTY,3,#10 BRUNO PEDRO / #15 BRANDON ROBINSON / #9 THOMAS DRECHSEL,224,3.73,-7,0,0,3,0,3,0,0,0,2,0,0,0,1,3,1,5,1,3,0,0,2,3,1,0,0,0
2026-08-09,Diablos Rojos,DRM,MTY,3,#0 YAN DJALO / #23 DEVON SCOTT / #66 GLENN COSEY,212,3.53,2,11,4,7,3,4,0,0,2,1,3,2,0,0,9,3,5,0,1,3,4,1,1,1,0,1,0
2026-08-09,Diablos Rojos,DRM,MTY,3,#15 BRANDON ROBINSON / #23 DEVON SCOTT / #6 SANTIAGO SCALA,198,3.3,-1,4,0,4,0,4,4,8,3,2,0,1,1,2,5,2,6,1,2,0,0,1,4,2,1,0,0
2026-08-09,Diablos Rojos,DRM,MTY,3,#0 YAN DJALO / #23 DEVON SCOTT / #9 THOMAS DRECHSEL,198,3.3,3,7,2,7,1,3,2,2,3,1,3,2,3,0,4,2,4,0,1,0,0,1,1,1,3,1,0
2026-08-09,Diablos Rojos,DRM,MTY,3,#66 GLENN COSEY / #7 JOSE CRUZ / #9 THOMAS DRECHSEL,198,3.3,3,7,3,5,0,2,1,1,0,3,2,1,1,0,4,2,7,0,3,0,0,2,2,2,1,1,0
2026-08-09,Diablos Rojos,DRM,MTY,3,#10 BRUNO PEDRO / #15 BRANDON ROBINSON / #24 MICHAEL CARRERA,197,3.28,-4,0,0,3,0,3,0,0,0,2,0,0,0,1,0,0,4,0,2,0,0,2,3,0,0,0,0
2026-08-09,Diablos Rojos,DRM,MTY,3,#0 YAN DJALO / #66 GLENN COSEY / #7 JOSE CRUZ,188,3.13,2,11,4,5,3,4,0,0,0,1,3,2,0,0,9,3,5,0,1,3,4,1,1,1,0,1,0
2026-08-09,Diablos Rojos,DRM,MTY,3,#10 BRUNO PEDRO / #24 MICHAEL CARRERA / #7 JOSE CRUZ,175,2.92,-3,4,1,5,0,2,2,2,2,1,1,1,0,0,7,3,5,1,1,0,0,1,2,3,1,0,0
2026-08-09,Diablos Rojos,DRM,MTY,3,#10 BRUNO PEDRO / #7 JOSE CRUZ / #9 THOMAS DRECHSEL,175,2.92,-3,4,1,5,0,2,2,2,2,1,1,1,0,0,7,3,5,1,1,0,0,1,2,3,1,0,0
2026-08-09,Diablos Rojos,DRM,MTY,3,#0 YAN DJALO / #15 BRANDON ROBINSON / #23 DEVON SCOTT,153,2.55,0,9,3,6,3,4,0,0,2,0,2,2,0,0,9,3,3,0,0,3,4,0,1,1,0,1,0
2026-08-09,Diablos Rojos,DRM,MTY,3,#0 YAN DJALO / #15 BRANDON ROBINSON / #66 GLENN COSEY,153,2.55,0,9,3,6,3,4,0,0,2,0,2,2,0,0,9,3,3,0,0,3,4,0,1,1,0,1,0
2026-08-09,Diablos Rojos,DRM,MTY,3,#24 MICHAEL CARRERA / #66 GLENN COSEY / #7 JOSE CRUZ,139,2.32,1,5,2,4,0,2,1,1,0,2,1,1,1,0,4,2,5,0,2,0,0,1,2,2,1,1,0
2026-08-09,Diablos Rojos,DRM,MTY,3,#15 BRANDON ROBINSON / #23 DEVON SCOTT / #7 JOSE CRUZ,129,2.15,0,9,3,4,3,4,0,0,0,0,2,2,0,0,9,3,3,0,0,3,4,0,1,1,0,1,0
2026-08-09,Diablos Rojos,DRM,MTY,3,#15 BRANDON ROBINSON / #66 GLENN COSEY / #7 JOSE CRUZ,129,2.15,0,9,3,4,3,4,0,0,0,0,2,2,0,0,9,3,3,0,0,3,4,0,1,1,0,1,0
2026-08-09,Diablos Rojos,DRM,MTY,3,#0 YAN DJALO / #23 DEVON SCOTT / #24 MICHAEL CARRERA,115,1.92,1,3,1,4,1,3,0,0,1,0,2,2,3,0,4,2,2,0,0,0,0,0,1,1,3,1,0
2026-08-09,Diablos Rojos,DRM,MTY,3,#0 YAN DJALO / #23 DEVON SCOTT / #6 SANTIAGO SCALA,115,1.92,1,5,1,4,1,3,2,2,1,0,2,2,3,0,4,2,2,0,0,0,0,0,1,1,3,1,0
2026-08-09,Diablos Rojos,DRM,MTY,3,#0 YAN DJALO / #10 BRUNO PEDRO / #7 JOSE CRUZ,113,1.88,0,4,1,2,0,1,2,2,0,0,2,1,0,0,4,1,2,0,1,2,2,1,1,0,0,0,0
2026-08-09,Diablos Rojos,DRM,MTY,3,#0 YAN DJALO / #10 BRUNO PEDRO / #15 BRANDON ROBINSON,103,1.72,-3,4,1,1,0,0,2,2,0,0,2,1,0,0,7,2,3,1,2,2,2,1,0,1,0,0,0
2026-08-09,Diablos Rojos,DRM,MTY,3,#0 YAN DJALO / #10 BRUNO PEDRO / #6 SANTIAGO SCALA,103,1.72,-3,4,1,1,0,0,2,2,0,0,2,1,0,0,7,2,3,1,2,2,2,1,0,1,0,0,0
2026-08-09,Diablos Rojos,DRM,MTY,3,#0 YAN DJALO / #66 GLENN COSEY / #9 THOMAS DRECHSEL,83,1.38,2,2,1,3,0,0,0,0,2,1,1,0,0,0,0,0,2,0,1,0,0,1,0,0,0,0,0
2026-08-09,Diablos Rojos,DRM,MTY,3,#10 BRUNO PEDRO / #15 BRANDON ROBINSON / #7 JOSE CRUZ,76,1.27,0,4,1,1,0,0,2,2,0,0,2,1,0,0,4,1,2,0,1,2,2,1,0,0,0,0,0
2026-08-09,Diablos Rojos,DRM,MTY,3,#0 YAN DJALO / #15 BRANDON ROBINSON / #9 THOMAS DRECHSEL,51,0.85,-3,0,0,2,0,0,0,0,2,0,0,0,0,0,3,1,1,1,1,0,0,0,0,1,0,0,0
2026-08-09,Diablos Rojos,DRM,MTY,3,#0 YAN DJALO / #10 BRUNO PEDRO / #9 THOMAS DRECHSEL,27,0.45,-3,0,0,0,0,0,0,0,0,0,0,0,0,0,3,1,1,1,1,0,0,0,0,1,0,0,0
2026-08-09,Diablos Rojos,DRM,MTY,3,#15 BRANDON ROBINSON / #6 SANTIAGO SCALA / #66 GLENN COSEY,3,0.05,2,2,1,1,0,0,0,0,0,0,0,0,0,0,0,0,0,0,0,0,0,0,0,0,0,0,0
2026-08-09,Diablos Rojos,DRM,MTY,3,#24 MICHAEL CARRERA / #6 SANTIAGO SCALA / #66 GLENN COSEY,3,0.05,2,2,1,1,0,0,0,0,0,0,0,0,0,0,0,0,0,0,0,0,0,0,0,0,0,0,0
2026-08-09,Diablos Rojos,DRM,MTY,3,#6 SANTIAGO SCALA / #66 GLENN COSEY / #9 THOMAS DRECHSEL,3,0.05,2,2,1,1,0,0,0,0,0,0,0,0,0,0,0,0,0,0,0,0,0,0,0,0,0,0,0
2026-08-09,Diablos Rojos,DRM,MTY,3,#0 YAN DJALO / #10 BRUNO PEDRO / #24 MICHAEL CARRERA,0,0.0,0,0,0,0,0,0,0,0,0,0,0,0,0,0,0,0,0,0,0,0,0,0,0,0,0,0,0
2026-08-09,Diablos Rojos,DRM,MTY,4,#24 MICHAEL CARRERA / #6 SANTIAGO SCALA / #7 JOSE CRUZ / #9 THOMAS DRECHSEL,800,13.33,-18,11,4,16,1,9,2,2,4,3,5,5,4,0,27,13,17,1,2,0,0,2,7,8,5,2,1
2026-08-09,Diablos Rojos,DRM,MTY,4,#23 DEVON SCOTT / #24 MICHAEL CARRERA / #6 SANTIAGO SCALA / #9 THOMAS DRECHSEL,640,10.67,-10,9,2,14,1,10,4,8,4,4,3,4,5,2,19,9,15,1,3,0,0,1,10,6,5,1,1
2026-08-09,Diablos Rojos,DRM,MTY,4,#0 YAN DJALO / #24 MICHAEL CARRERA / #6 SANTIAGO SCALA / #7 JOSE CRUZ,606,10.1,4,20,8,19,4,14,0,0,3,5,6,4,5,1,18,9,15,0,2,0,2,1,7,4,5,3,0
2026-08-09,Diablos Rojos,DRM,MTY,4,#23 DEVON SCOTT / #24 MICHAEL CARRERA / #7 JOSE CRUZ / #9 THOMAS DRECHSEL,581,9.68,-8,10,4,11,1,6,1,1,1,3,4,4,5,0,16,8,11,0,2,0,0,1,5,5,5,2,1
2026-08-09,Diablos Rojos,DRM,MTY,4,#15 BRANDON ROBINSON / #23 DEVON SCOTT / #24 MICHAEL CARRERA / #9 THOMAS DRECHSEL,556,9.27,-3,10,2,12,0,7,6,10,6,7,0,4,2,2,12,5,16,2,5,0,2,4,7,5,3,2,1
2026-08-09,Diablos Rojos,DRM,MTY,4,#23 DEVON SCOTT / #24 MICHAEL CARRERA / #66 GLENN COSEY / #9 THOMAS DRECHSEL,497,8.28,-1,11,4,13,0,6,3,3,4,8,1,4,2,0,12,5,15,1,5,1,4,4,5,5,3,3,1
2026-08-09,Diablos Rojos,DRM,MTY,4,#23 DEVON SCOTT / #24 MICHAEL CARRERA / #6 SANTIAGO SCALA / #7 JOSE CRUZ,442,7.37,-9,5,2,7,1,4,0,0,1,1,3,3,4,0,12,6,6,0,0,0,0,0,3,3,4,1,1
2026-08-09,Diablos Rojos,DRM,MTY,4,#23 DEVON SCOTT / #6 SANTIAGO SCALA / #7 JOSE CRUZ / #9 THOMAS DRECHSEL,442,7.37,-9,7,2,7,1,4,2,2,1,1,3,3,4,0,12,6,6,0,0,0,0,0,3,3,4,1,1
2026-08-09,Diablos Rojos,DRM,MTY,4,#15 BRANDON ROBINSON / #24 MICHAEL CARRERA / #6 SANTIAGO SCALA / #9 THOMAS DRECHSEL,398,6.63,-3,6,1,8,0,7,4,8,3,4,0,1,1,3,5,2,10,1,4,0,0,3,7,2,1,0,0
2026-08-09,Diablos Rojos,DRM,MTY,4,#0 YAN DJALO / #15 BRANDON ROBINSON / #6 SANTIAGO SCALA / #7 JOSE CRUZ,384,6.4,9,11,4,8,1,5,2,2,1,3,3,2,1,1,8,3,7,0,1,2,4,1,3,1,1,1,0
2026-08-09,Diablos Rojos,DRM,MTY,4,#15 BRANDON ROBINSON / #23 DEVON SCOTT / #66 GLENN COSEY / #9 THOMAS DRECHSEL,382,6.37,-2,6,2,10,0,3,2,2,5,5,0,3,1,0,7,3,10,1,3,0,2,3,3,3,2,2,1
2026-08-09,Diablos Rojos,DRM,MTY,4,#10 BRUNO PEDRO / #24 MICHAEL CARRERA / #6 SANTIAGO SCALA / #9 THOMAS DRECHSEL,372,6.2,-7,6,2,9,0,5,2,2,2,3,1,3,0,1,13,6,12,1,3,0,0,3,5,4,1,2,0
2026-08-09,Diablos Rojos,DRM,MTY,4,#15 BRANDON ROBINSON / #24 MICHAEL CARRERA / #66 GLENN COSEY / #9 THOMAS DRECHSEL,361,6.02,0,8,3,9,0,3,2,2,3,5,0,3,1,0,7,3,10,1,3,0,2,3,3,3,2,2,1
2026-08-09,Diablos Rojos,DRM,MTY,4,#15 BRANDON ROBINSON / #23 DEVON SCOTT / #24 MICHAEL CARRERA / #66 GLENN COSEY,358,5.97,-2,6,2,8,0,3,2,2,3,5,0,3,1,0,7,3,10,1,3,0,2,3,3,3,2,2,1
2026-08-09,Diablos Rojos,DRM,MTY,4,#0 YAN DJALO / #15 BRANDON ROBINSON / #24 MICHAEL CARRERA / #6 SANTIAGO SCALA,308,5.13,9,7,3,7,1,5,0,0,1,3,1,1,1,1,4,2,5,0,0,0,2,0,3,1,1,1,0
2026-08-09,Diablos Rojos,DRM,MTY,4,#0 YAN DJALO / #15 BRANDON ROBINSON / #24 MICHAEL CARRERA / #7 JOSE CRUZ,308,5.13,9,7,3,7,1,5,0,0,1,3,1,1,1,1,4,2,5,0,0,0,2,0,3,1,1,1,0
2026-08-09,Diablos Rojos,DRM,MTY,4,#15 BRANDON ROBINSON / #24 MICHAEL CARRERA / #6 SANTIAGO SCALA / #7 JOSE CRUZ,308,5.13,9,7,3,7,1,5,0,0,1,3,1,1,1,1,4,2,5,0,0,0,2,0,3,1,1,1,0
2026-08-09,Diablos Rojos,DRM,MTY,4,#0 YAN DJALO / #24 MICHAEL CARRERA / #7 JOSE CRUZ / #9 THOMAS DRECHSEL,298,4.97,-5,5,2,8,1,6,0,0,2,1,3,3,3,0,12,6,8,0,1,0,0,1,3,3,3,2,0
2026-08-09,Diablos Rojos,DRM,MTY,4,#0 YAN DJALO / #24 MICHAEL CARRERA / #6 SANTIAGO SCALA / #9 THOMAS DRECHSEL,298,4.97,-5,5,2,8,1,6,0,0,2,1,3,3,3,0,12,6,8,0,1,0,0,1,3,3,3,2,0
2026-08-09,Diablos Rojos,DRM,MTY,4,#0 YAN DJALO / #6 SANTIAGO SCALA / #7 JOSE CRUZ / #9 THOMAS DRECHSEL,298,4.97,-5,7,2,8,1,6,2,2,2,1,3,3,3,0,12,6,8,0,1,0,0,1,3,3,3,2,0
2026-08-09,Diablos Rojos,DRM,MTY,4,#10 BRUNO PEDRO / #15 BRANDON ROBINSON / #6 SANTIAGO SCALA / #9 THOMAS DRECHSEL,224,3.73,-7,0,0,3,0,3,0,0,0,2,0,0,0,1,3,1,5,1,3,0,0,2,3,1,0,0,0
2026-08-09,Diablos Rojos,DRM,MTY,4,#15 BRANDON ROBINSON / #23 DEVON SCOTT / #24 MICHAEL CARRERA / #6 SANTIAGO SCALA,198,3.3,-1,4,0,4,0,4,4,8,3,2,0,1,1,2,5,2,6,1,2,0,0,1,4,2,1,0,0
2026-08-09,Diablos Rojos,DRM,MTY,4,#15 BRANDON ROBINSON / #23 DEVON SCOTT / #6 SANTIAGO SCALA / #9 THOMAS DRECHSEL,198,3.3,-1,4,0,4,0,4,4,8,3,2,0,1,1,2,5,2,6,1,2,0,0,1,4,2,1,0,0
2026-08-09,Diablos Rojos,DRM,MTY,4,#23 DEVON SCOTT / #66 GLENN COSEY / #7 JOSE CRUZ / #9 THOMAS DRECHSEL,198,3.3,3,7,3,5,0,2,1,1,0,3,2,1,1,0,4,2,7,0,3,0,0,2,2,2,1,1,0
2026-08-09,Diablos Rojos,DRM,MTY,4,#10 BRUNO PEDRO / #15 BRANDON ROBINSON / #24 MICHAEL CARRERA / #6 SANTIAGO SCALA,197,3.28,-4,0,0,3,0,3,0,0,0,2,0,0,0,1,0,0,4,0,2,0,0,2,3,0,0,0,0
2026-08-09,Diablos Rojos,DRM,MTY,4,#10 BRUNO PEDRO / #15 BRANDON ROBINSON / #24 MICHAEL CARRERA / #9 THOMAS DRECHSEL,197,3.28,-4,0,0,3,0,3,0,0,0,2,0,0,0,1,0,0,4,0,2,0,0,2,3,0,0,0,0
2026-08-09,Diablos Rojos,DRM,MTY,4,#0 YAN DJALO / #23 DEVON SCOTT / #66 GLENN COSEY / #7 JOSE CRUZ,188,3.13,2,11,4,5,3,4,0,0,0,1,3,2,0,0,9,3,5,0,1,3,4,1,1,1,0,1,0
2026-08-09,Diablos Rojos,DRM,MTY,4,#10 BRUNO PEDRO / #24 MICHAEL CARRERA / #6 SANTIAGO SCALA / #7 JOSE CRUZ,175,2.92,-3,4,1,5,0,2,2,2,2,1,1,1,0,0,7,3,5,1,1,0,0,1,2,3,1,0,0
2026-08-09,Diablos Rojos,DRM,MTY,4,#10 BRUNO PEDRO / #24 MICHAEL CARRERA / #7 JOSE CRUZ / #9 THOMAS DRECHSEL,175,2.92,-3,4,1,5,0,2,2,2,2,1,1,1,0,0,7,3,5,1,1,0,0,1,2,3,1,0,0
2026-08-09,Diablos Rojos,DRM,MTY,4,#10 BRUNO PEDRO / #6 SANTIAGO SCALA / #7 JOSE CRUZ / #9 THOMAS DRECHSEL,175,2.92,-3,4,1,5,0,2,2,2,2,1,1,1,0,0,7,3,5,1,1,0,0,1,2,3,1,0,0
2026-08-09,Diablos Rojos,DRM,MTY,4,#0 YAN DJALO / #23 DEVON SCOTT / #7 JOSE CRUZ / #9 THOMAS DRECHSEL,174,2.9,3,7,2,5,1,3,2,2,1,1,3,2,3,0,4,2,4,0,1,0,0,1,1,1,3,1,0
2026-08-09,Diablos Rojos,DRM,MTY,4,#0 YAN DJALO / #15 BRANDON ROBINSON / #23 DEVON SCOTT / #66 GLENN COSEY,153,2.55,0,9,3,6,3,4,0,0,2,0,2,2,0,0,9,3,3,0,0,3,4,0,1,1,0,1,0
2026-08-09,Diablos Rojos,DRM,MTY,4,#23 DEVON SCOTT / #24 MICHAEL CARRERA / #66 GLENN COSEY / #7 JOSE CRUZ,139,2.32,1,5,2,4,0,2,1,1,0,2,1,1,1,0,4,2,5,0,2,0,0,1,2,2,1,1,0
2026-08-09,Diablos Rojos,DRM,MTY,4,#24 MICHAEL CARRERA / #66 GLENN COSEY / #7 JOSE CRUZ / #9 THOMAS DRECHSEL,139,2.32,1,5,2,4,0,2,1,1,0,2,1,1,1,0,4,2,5,0,2,0,0,1,2,2,1,1,0
2026-08-09,Diablos Rojos,DRM,MTY,4,#0 YAN DJALO / #15 BRANDON ROBINSON / #23 DEVON SCOTT / #7 JOSE CRUZ,129,2.15,0,9,3,4,3,4,0,0,0,0,2,2,0,0,9,3,3,0,0,3,4,0,1,1,0,1,0
2026-08-09,Diablos Rojos,DRM,MTY,4,#0 YAN DJALO / #15 BRANDON ROBINSON / #66 GLENN COSEY / #7 JOSE CRUZ,129,2.15,0,9,3,4,3,4,0,0,0,0,2,2,0,0,9,3,3,0,0,3,4,0,1,1,0,1,0
2026-08-09,Diablos Rojos,DRM,MTY,4,#15 BRANDON ROBINSON / #23 DEVON SCOTT / #66 GLENN COSEY / #7 JOSE CRUZ,129,2.15,0,9,3,4,3,4,0,0,0,0,2,2,0,0,9,3,3,0,0,3,4,0,1,1,0,1,0
2026-08-09,Diablos Rojos,DRM,MTY,4,#0 YAN DJALO / #23 DEVON SCOTT / #24 MICHAEL CARRERA / #6 SANTIAGO SCALA,115,1.92,1,3,1,4,1,3,0,0,1,0,2,2,3,0,4,2,2,0,0,0,0,0,1,1,3,1,0
2026-08-09,Diablos Rojos,DRM,MTY,4,#0 YAN DJALO / #23 DEVON SCOTT / #24 MICHAEL CARRERA / #7 JOSE CRUZ,115,1.92,1,3,1,4,1,3,0,0,1,0,2,2,3,0,4,2,2,0,0,0,0,0,1,1,3,1,0
2026-08-09,Diablos Rojos,DRM,MTY,4,#0 YAN DJALO / #23 DEVON SCOTT / #6 SANTIAGO SCALA / #7 JOSE CRUZ,115,1.92,1,5,1,4,1,3,2,2,1,0,2,2,3,0,4,2,2,0,0,0,0,0,1,1,3,1,0
2026-08-09,Diablos Rojos,DRM,MTY,4,#0 YAN DJALO / #23 DEVON SCOTT / #24 MICHAEL CARRERA / #9 THOMAS DRECHSEL,115,1.92,1,3,1,4,1,3,0,0,1,0,2,2,3,0,4,2,2,0,0,0,0,0,1,1,3,1,0
2026-08-09,Diablos Rojos,DRM,MTY,4,#0 YAN DJALO / #23 DEVON SCOTT / #6 SANTIAGO SCALA / #9 THOMAS DRECHSEL,115,1.92,1,5,1,4,1,3,2,2,1,0,2,2,3,0,4,2,2,0,0,0,0,0,1,1,3,1,0
2026-08-09,Diablos Rojos,DRM,MTY,4,#0 YAN DJALO / #10 BRUNO PEDRO / #15 BRANDON ROBINSON / #6 SANTIAGO SCALA,103,1.72,-3,4,1,1,0,0,2,2,0,0,2,1,0,0,7,2,3,1,2,2,2,1,0,1,0,0,0
2026-08-09,Diablos Rojos,DRM,MTY,4,#0 YAN DJALO / #23 DEVON SCOTT / #66 GLENN COSEY / #9 THOMAS DRECHSEL,83,1.38,2,2,1,3,0,0,0,0,2,1,1,0,0,0,0,0,2,0,1,0,0,1,0,0,0,0,0
2026-08-09,Diablos Rojos,DRM,MTY,4,#0 YAN DJALO / #10 BRUNO PEDRO / #15 BRANDON ROBINSON / #7 JOSE CRUZ,76,1.27,0,4,1,1,0,0,2,2,0,0,2,1,0,0,4,1,2,0,1,2,2,1,0,0,0,0,0
2026-08-09,Diablos Rojos,DRM,MTY,4,#0 YAN DJALO / #10 BRUNO PEDRO / #6 SANTIAGO SCALA / #7 JOSE CRUZ,76,1.27,0,4,1,1,0,0,2,2,0,0,2,1,0,0,4,1,2,0,1,2,2,1,0,0,0,0,0
2026-08-09,Diablos Rojos,DRM,MTY,4,#10 BRUNO PEDRO / #15 BRANDON ROBINSON / #6 SANTIAGO SCALA / #7 JOSE CRUZ,76,1.27,0,4,1,1,0,0,2,2,0,0,2,1,0,0,4,1,2,0,1,2,2,1,0,0,0,0,0
2026-08-09,Diablos Rojos,DRM,MTY,4,#0 YAN DJALO / #66 GLENN COSEY / #7 JOSE CRUZ / #9 THOMAS DRECHSEL,59,0.98,2,2,1,1,0,0,0,0,0,1,1,0,0,0,0,0,2,0,1,0,0,1,0,0,0,0,0
2026-08-09,Diablos Rojos,DRM,MTY,4,#0 YAN DJALO / #10 BRUNO PEDRO / #15 BRANDON ROBINSON / #9 THOMAS DRECHSEL,27,0.45,-3,0,0,0,0,0,0,0,0,0,0,0,0,0,3,1,1,1,1,0,0,0,0,1,0,0,0
2026-08-09,Diablos Rojos,DRM,MTY,4,#0 YAN DJALO / #10 BRUNO PEDRO / #6 SANTIAGO SCALA / #9 THOMAS DRECHSEL,27,0.45,-3,0,0,0,0,0,0,0,0,0,0,0,0,0,3,1,1,1,1,0,0,0,0,1,0,0,0
2026-08-09,Diablos Rojos,DRM,MTY,4,#0 YAN DJALO / #15 BRANDON ROBINSON / #6 SANTIAGO SCALA / #9 THOMAS DRECHSEL,27,0.45,-3,0,0,0,0,0,0,0,0,0,0,0,0,0,3,1,1,1,1,0,0,0,0,1,0,0,0
2026-08-09,Diablos Rojos,DRM,MTY,4,#0 YAN DJALO / #15 BRANDON ROBINSON / #23 DEVON SCOTT / #9 THOMAS DRECHSEL,24,0.4,0,0,0,2,0,0,0,0,2,0,0,0,0,0,0,0,0,0,0,0,0,0,0,0,0,0,0
2026-08-09,Diablos Rojos,DRM,MTY,4,#0 YAN DJALO / #15 BRANDON ROBINSON / #66 GLENN COSEY / #9 THOMAS DRECHSEL,24,0.4,0,0,0,2,0,0,0,0,2,0,0,0,0,0,0,0,0,0,0,0,0,0,0,0,0,0,0
2026-08-09,Diablos Rojos,DRM,MTY,4,#15 BRANDON ROBINSON / #24 MICHAEL CARRERA / #6 SANTIAGO SCALA / #66 GLENN COSEY,3,0.05,2,2,1,1,0,0,0,0,0,0,0,0,0,0,0,0,0,0,0,0,0,0,0,0,0,0,0
2026-08-09,Diablos Rojos,DRM,MTY,4,#15 BRANDON ROBINSON / #6 SANTIAGO SCALA / #66 GLENN COSEY / #9 THOMAS DRECHSEL,3,0.05,2,2,1,1,0,0,0,0,0,0,0,0,0,0,0,0,0,0,0,0,0,0,0,0,0,0,0
2026-08-09,Diablos Rojos,DRM,MTY,4,#24 MICHAEL CARRERA / #6 SANTIAGO SCALA / #66 GLENN COSEY / #9 THOMAS DRECHSEL,3,0.05,2,2,1,1,0,0,0,0,0,0,0,0,0,0,0,0,0,0,0,0,0,0,0,0,0,0,0
2026-08-09,Diablos Rojos,DRM,MTY,4,#0 YAN DJALO / #10 BRUNO PEDRO / #24 MICHAEL CARRERA / #6 SANTIAGO SCALA,0,0.0,0,0,0,0,0,0,0,0,0,0,0,0,0,0,0,0,0,0,0,0,0,0,0,0,0,0,0
2026-08-09,Diablos Rojos,DRM,MTY,4,#0 YAN DJALO / #10 BRUNO PEDRO / #24 MICHAEL CARRERA / #7 JOSE CRUZ,0,0.0,0,0,0,0,0,0,0,0,0,0,0,0,0,0,0,0,0,0,0,0,0,0,0,0,0,0,0
2026-08-09,Diablos Rojos,DRM,MTY,4,#15 BRANDON ROBINSON / #23 DEVON SCOTT / #24 MICHAEL CARRERA / #7 JOSE CRUZ,0,0.0,0,0,0,0,0,0,0,0,0,0,0,0,0,0,0,0,0,0,0,0,0,0,0,0,0,0,0
2026-08-09,Diablos Rojos,DRM,MTY,4,#15 BRANDON ROBINSON / #23 DEVON SCOTT / #6 SANTIAGO SCALA / #7 JOSE CRUZ,0,0.0,0,0,0,0,0,0,0,0,0,0,0,0,0,0,0,0,0,0,0,0,0,0,0,0,0,0,0
2026-08-09,Diablos Rojos,DRM,MTY,5,#23 DEVON SCOTT / #24 MICHAEL CARRERA / #6 SANTIAGO SCALA / #7 JOSE CRUZ / #9 THOMAS DRECHSEL,442,7.37,-9,5,2,7,1,4,0,0,1,1,3,3,4,0,12,6,6,0,0,0,0,0,3,3,4,1,1
2026-08-09,Diablos Rojos,DRM,MTY,5,#15 BRANDON ROBINSON / #23 DEVON SCOTT / #24 MICHAEL CARRERA / #66 GLENN COSEY / #9 THOMAS DRECHSEL,358,5.97,-2,6,2,8,0,3,2,2,3,5,0,3,1,0,7,3,10,1,3,0,2,3,3,3,2,2,1
2026-08-09,Diablos Rojos,DRM,MTY,5,#0 YAN DJALO / #15 BRANDON ROBINSON / #24 MICHAEL CARRERA / #6 SANTIAGO SCALA / #7 JOSE CRUZ,308,5.13,9,7,3,7,1,5,0,0,1,3,1,1,1,1,4,2,5,0,0,0,2,0,3,1,1,1,0
2026-08-09,Diablos Rojos,DRM,MTY,5,#0 YAN DJALO / #24 MICHAEL CARRERA / #6 SANTIAGO SCALA / #7 JOSE CRUZ / #9 THOMAS DRECHSEL,298,4.97,-5,5,2,8,1,6,0,0,2,1,3,3,3,0,12,6,8,0,1,0,0,1,3,3,3,2,0
2026-08-09,Diablos Rojos,DRM,MTY,5,#15 BRANDON ROBINSON / #23 DEVON SCOTT / #24 MICHAEL CARRERA / #6 SANTIAGO SCALA / #9 THOMAS DRECHSEL,198,3.3,-1,4,0,4,0,4,4,8,3,2,0,1,1,2,5,2,6,1,2,0,0,1,4,2,1,0,0
2026-08-09,Diablos Rojos,DRM,MTY,5,#10 BRUNO PEDRO / #15 BRANDON ROBINSON / #24 MICHAEL CARRERA / #6 SANTIAGO SCALA / #9 THOMAS DRECHSEL,197,3.28,-4,0,0,3,0,3,0,0,0,2,0,0,0,1,0,0,4,0,2,0,0,2,3,0,0,0,0
2026-08-09,Diablos Rojos,DRM,MTY,5,#10 BRUNO PEDRO / #24 MICHAEL CARRERA / #6 SANTIAGO SCALA / #7 JOSE CRUZ / #9 THOMAS DRECHSEL,175,2.92,-3,4,1,5,0,2,2,2,2,1,1,1,0,0,7,3,5,1,1,0,0,1,2,3,1,0,0
2026-08-09,Diablos Rojos,DRM,MTY,5,#23 DEVON SCOTT / #24 MICHAEL CARRERA / #66 GLENN COSEY / #7 JOSE CRUZ / #9 THOMAS DRECHSEL,139,2.32,1,5,2,4,0,2,1,1,0,2,1,1,1,0,4,2,5,0,2,0,0,1,2,2,1,1,0
2026-08-09,Diablos Rojos,DRM,MTY,5,#0 YAN DJALO / #15 BRANDON ROBINSON / #23 DEVON SCOTT / #66 GLENN COSEY / #7 JOSE CRUZ,129,2.15,0,9,3,4,3,4,0,0,0,0,2,2,0,0,9,3,3,0,0,3,4,0,1,1,0,1,0
2026-08-09,Diablos Rojos,DRM,MTY,5,#0 YAN DJALO / #23 DEVON SCOTT / #24 MICHAEL CARRERA / #6 SANTIAGO SCALA / #7 JOSE CRUZ,115,1.92,1,3,1,4,1,3,0,0,1,0,2,2,3,0,4,2,2,0,0,0,0,0,1,1,3,1,0
2026-08-09,Diablos Rojos,DRM,MTY,5,#0 YAN DJALO / #23 DEVON SCOTT / #24 MICHAEL CARRERA / #7 JOSE CRUZ / #9 THOMAS DRECHSEL,115,1.92,1,3,1,4,1,3,0,0,1,0,2,2,3,0,4,2,2,0,0,0,0,0,1,1,3,1,0
2026-08-09,Diablos Rojos,DRM,MTY,5,#0 YAN DJALO / #23 DEVON SCOTT / #6 SANTIAGO SCALA / #7 JOSE CRUZ / #9 THOMAS DRECHSEL,115,1.92,1,5,1,4,1,3,2,2,1,0,2,2,3,0,4,2,2,0,0,0,0,0,1,1,3,1,0
2026-08-09,Diablos Rojos,DRM,MTY,5,#0 YAN DJALO / #23 DEVON SCOTT / #24 MICHAEL CARRERA / #6 SANTIAGO SCALA / #9 THOMAS DRECHSEL,115,1.92,1,3,1,4,1,3,0,0,1,0,2,2,3,0,4,2,2,0,0,0,0,0,1,1,3,1,0
2026-08-09,Diablos Rojos,DRM,MTY,5,#0 YAN DJALO / #10 BRUNO PEDRO / #15 BRANDON ROBINSON / #6 SANTIAGO SCALA / #7 JOSE CRUZ,76,1.27,0,4,1,1,0,0,2,2,0,0,2,1,0,0,4,1,2,0,1,2,2,1,0,0,0,0,0
2026-08-09,Diablos Rojos,DRM,MTY,5,#0 YAN DJALO / #23 DEVON SCOTT / #66 GLENN COSEY / #7 JOSE CRUZ / #9 THOMAS DRECHSEL,59,0.98,2,2,1,1,0,0,0,0,0,1,1,0,0,0,0,0,2,0,1,0,0,1,0,0,0,0,0
2026-08-09,Diablos Rojos,DRM,MTY,5,#0 YAN DJALO / #10 BRUNO PEDRO / #15 BRANDON ROBINSON / #6 SANTIAGO SCALA / #9 THOMAS DRECHSEL,27,0.45,-3,0,0,0,0,0,0,0,0,0,0,0,0,0,3,1,1,1,1,0,0,0,0,1,0,0,0
2026-08-09,Diablos Rojos,DRM,MTY,5,#0 YAN DJALO / #15 BRANDON ROBINSON / #23 DEVON SCOTT / #66 GLENN COSEY / #9 THOMAS DRECHSEL,24,0.4,0,0,0,2,0,0,0,0,2,0,0,0,0,0,0,0,0,0,0,0,0,0,0,0,0,0,0
2026-08-09,Diablos Rojos,DRM,MTY,5,#15 BRANDON ROBINSON / #24 MICHAEL CARRERA / #6 SANTIAGO SCALA / #66 GLENN COSEY / #9 THOMAS DRECHSEL,3,0.05,2,2,1,1,0,0,0,0,0,0,0,0,0,0,0,0,0,0,0,0,0,0,0,0,0,0,0
2026-08-09,Diablos Rojos,DRM,MTY,5,#0 YAN DJALO / #10 BRUNO PEDRO / #24 MICHAEL CARRERA / #6 SANTIAGO SCALA / #7 JOSE CRUZ,0,0.0,0,0,0,0,0,0,0,0,0,0,0,0,0,0,0,0,0,0,0,0,0,0,0,0,0,0,0
2026-08-09,Diablos Rojos,DRM,MTY,5,#15 BRANDON ROBINSON / #23 DEVON SCOTT / #24 MICHAEL CARRERA / #6 SANTIAGO SCALA / #7 JOSE CRUZ,0,0.0,0,0,0,0,0,0,0,0,0,0,0,0,0,0,0,0,0,0,0,0,0,0,0,0,0,0,0
