date,team,team_code,opponent,size,lineup,seconds,minutes,plus_minus,pts,fgm,fga,tpm,tpa,ftm,fta,orb,drb,ast,tov,stl,blk,opp_pts,opp_fgm,opp_fga,opp_tpm,opp_tpa,opp_ftm,opp_fta,opp_orb,opp_drb,opp_ast,opp_tov,opp_stl,opp_blk
2026-07-23,Diablos Rojos,DRM,AGS,1,#23 DEVON SCOTT,1612,26.87,-2,56,20,39,8,21,8,9,5,21,13,10,2,1,52,16,38,7,19,13,17,4,16,7,7,3,3
2026-07-23,Diablos Rojos,DRM,AGS,1,#9 THOMAS DRECHSEL,2015,33.58,-5,63,23,61,7,34,10,11,15,27,16,9,3,1,65,21,52,10,28,13,16,7,25,11,9,3,6
2026-07-23,Diablos Rojos,DRM,AGS,2,#23 DEVON SCOTT / #9 THOMAS DRECHSEL,1472,24.53,-1,51,18,36,7,20,8,9,5,19,13,8,2,1,46,15,36,6,18,10,13,4,15,7,7,3,3
2026-07-23,Diablos Rojos,DRM,AGS,1,#24 MICHAEL CARRERA,1925,32.08,-3,58,22,58,7,32,7,7,14,25,14,10,2,1,64,21,50,11,26,11,15,7,23,10,7,3,6
2026-07-23,Diablos Rojos,DRM,AGS,2,#23 DEVON SCOTT / #24 MICHAEL CARRERA,1450,24.17,1,48,17,34,7,19,7,7,4,18,11,9,1,1,44,14,33,6,15,10,14,3,14,5,5,3,3
2026-07-23,Diablos Rojos,DRM,AGS,2,#24 MICHAEL CARRERA / #9 THOMAS DRECHSEL,1808,30.13,-2,55,21,56,6,31,7,7,14,23,14,8,2,1,57,19,46,9,24,10,13,6,22,9,7,3,6
2026-07-23,Diablos Rojos,DRM,AGS,3,#23 DEVON SCOTT / #24 MICHAEL CARRERA / #9 THOMAS DRECHSEL,1333,22.22,2,45,16,32,6,18,7,7,4,16,11,7,1,1,40,13,31,5,14,9,12,3,13,5,5,3,3
2026-07-23,Diablos Rojos,DRM,AGS,1,#6 SANTIAGO SCALA,1616,26.93,-2,52,18,38,9,23,7,7,5,17,13,8,1,1,55,18,37,7,16,12,14,4,15,8,4,4,3
2026-07-23,Diablos Rojos,DRM,AGS,2,#23 DEVON SCOTT / #6 SANTIAGO SCALA,1172,19.53,3,37,13,27,8,18,3,3,3,12,9,4,0,0,35,12,23,5,10,6,7,1,11,5,3,1,3
2026-07-23,Diablos Rojos,DRM,AGS,2,#24 MICHAEL CARRERA / #6 SANTIAGO SCALA,1164,19.4,5,36,13,29,7,18,3,3,5,13,10,5,0,0,32,11,25,5,12,5,6,2,11,4,3,1,3
2026-07-23,Diablos Rojos,DRM,AGS,2,#6 SANTIAGO SCALA / #9 THOMAS DRECHSEL,1231,20.52,4,38,13,31,7,19,5,5,5,15,11,5,0,0,39,13,28,6,13,7,8,2,13,6,3,1,3
2026-07-23,Diablos Rojos,DRM,AGS,3,#23 DEVON SCOTT / #24 MICHAEL CARRERA / #6 SANTIAGO SCALA,1033,17.22,5,32,11,24,7,17,3,3,3,11,8,4,0,0,28,10,21,4,9,4,5,1,10,3,3,1,3
2026-07-23,Diablos Rojos,DRM,AGS,3,#23 DEVON SCOTT / #6 SANTIAGO SCALA / #9 THOMAS DRECHSEL,1032,17.2,4,32,11,25,7,17,3,3,3,12,9,4,0,0,33,12,23,5,10,4,5,1,11,5,3,1,3
2026-07-23,Diablos Rojos,DRM,AGS,3,#24 MICHAEL CARRERA / #6 SANTIAGO SCALA / #9 THOMAS DRECHSEL,1047,17.45,6,33,12,28,6,17,3,3,5,13,10,5,0,0,32,11,25,5,12,5,6,2,11,4,3,1,3
2026-07-23,Diablos Rojos,DRM,AGS,4,#23 DEVON SCOTT / #24 MICHAEL CARRERA / #6 SANTIAGO SCALA / #9 THOMAS DRECHSEL,916,15.27,6,29,10,23,6,16,3,3,3,11,8,4,0,0,28,10,21,4,9,4,5,1,10,3,3,1,3
2026-07-23,Diablos Rojos,DRM,AGS,1,#7 JOSE CRUZ,1111,18.52,-10,21,9,22,2,11,1,1,4,12,6,7,0,1,37,12,25,6,16,7,10,4,10,7,1,2,0
2026-07-23,Diablos Rojos,DRM,AGS,2,#23 DEVON SCOTT / #7 JOSE CRUZ,825,13.75,-4,15,6,14,2,8,1,1,2,7,3,5,0,0,25,8,16,4,11,5,7,2,7,3,1,1,0
2026-07-23,Diablos Rojos,DRM,AGS,2,#24 MICHAEL CARRERA / #7 JOSE CRUZ,952,15.87,-6,17,7,19,2,10,1,1,4,8,5,5,0,0,29,10,20,6,14,3,5,4,9,5,1,1,0
2026-07-23,Diablos Rojos,DRM,AGS,2,#6 SANTIAGO SCALA / #7 JOSE CRUZ,915,15.25,-7,17,7,16,2,9,1,1,3,6,5,4,0,1,26,9,16,4,9,4,5,2,7,5,0,2,0
2026-07-23,Diablos Rojos,DRM,AGS,2,#7 JOSE CRUZ / #9 THOMAS DRECHSEL,858,14.3,-6,14,6,17,1,9,1,1,4,8,5,4,0,0,26,9,20,5,15,3,4,4,8,5,1,1,0
2026-07-23,Diablos Rojos,DRM,AGS,3,#23 DEVON SCOTT / #24 MICHAEL CARRERA / #7 JOSE CRUZ,779,12.98,-3,13,5,13,2,8,1,1,2,5,3,4,0,0,22,8,14,4,9,2,4,2,7,3,1,1,0
2026-07-23,Diablos Rojos,DRM,AGS,3,#23 DEVON SCOTT / #6 SANTIAGO SCALA / #7 JOSE CRUZ,678,11.3,-4,11,4,9,2,7,1,1,1,2,2,2,0,0,17,6,9,3,6,2,2,1,5,2,0,1,0
2026-07-23,Diablos Rojos,DRM,AGS,3,#23 DEVON SCOTT / #7 JOSE CRUZ / #9 THOMAS DRECHSEL,685,11.42,-3,10,4,11,1,7,1,1,2,5,3,3,0,0,19,7,14,3,10,2,3,2,6,3,1,1,0
2026-07-23,Diablos Rojos,DRM,AGS,3,#24 MICHAEL CARRERA / #6 SANTIAGO SCALA / #7 JOSE CRUZ,779,12.98,-4,13,5,13,2,8,1,1,3,4,4,3,0,0,19,7,13,4,9,1,1,2,6,3,0,1,0
2026-07-23,Diablos Rojos,DRM,AGS,3,#24 MICHAEL CARRERA / #7 JOSE CRUZ / #9 THOMAS DRECHSEL,835,13.92,-5,14,6,17,1,9,1,1,4,6,5,3,0,0,25,9,18,5,13,2,3,4,8,5,1,1,0
2026-07-23,Diablos Rojos,DRM,AGS,3,#6 SANTIAGO SCALA / #7 JOSE CRUZ / #9 THOMAS DRECHSEL,662,11.03,-3,10,4,12,1,7,1,1,3,4,4,3,0,0,19,7,13,4,9,1,1,2,6,3,0,1,0
2026-07-23,Diablos Rojos,DRM,AGS,4,#23 DEVON SCOTT / #24 MICHAEL CARRERA / #6 SANTIAGO SCALA / #7 JOSE CRUZ,655,10.92,-4,9,3,8,2,7,1,1,1,2,2,2,0,0,15,6,9,3,6,0,0,1,5,2,0,1,0
2026-07-23,Diablos Rojos,DRM,AGS,4,#23 DEVON SCOTT / #24 MICHAEL CARRERA / #7 JOSE CRUZ / #9 THOMAS DRECHSEL,662,11.03,-2,10,4,11,1,7,1,1,2,3,3,2,0,0,18,7,12,3,8,1,2,2,6,3,1,1,0
2026-07-23,Diablos Rojos,DRM,AGS,4,#23 DEVON SCOTT / #6 SANTIAGO SCALA / #7 JOSE CRUZ / #9 THOMAS DRECHSEL,538,8.97,-3,6,2,7,1,6,1,1,1,2,2,2,0,0,15,6,9,3,6,0,0,1,5,2,0,1,0
2026-07-23,Diablos Rojos,DRM,AGS,4,#24 MICHAEL CARRERA / #6 SANTIAGO SCALA / #7 JOSE CRUZ / #9 THOMAS DRECHSEL,662,11.03,-3,10,4,12,1,7,1,1,3,4,4,3,0,0,19,7,13,4,9,1,1,2,6,3,0,1,0
2026-07-23,Diablos Rojos,DRM,AGS,5,#23 DEVON SCOTT / #24 MICHAEL CARRERA / #6 SANTIAGO SCALA / #7 JOSE CRUZ / #9 THOMAS DRECHSEL,538,8.97,-3,6,2,7,1,6,1,1,1,2,2,2,0,0,15,6,9,3,6,0,0,1,5,2,0,1,0
2026-07-23,Diablos Rojos,DRM,AGS,1,#0 YAN DJALO,1545,25.75,-8,38,14,36,4,19,6,6,9,16,8,7,2,1,44,13,32,3,14,15,18,5,14,5,4,4,5
2026-07-23,Diablos Rojos,DRM,AGS,2,#0 YAN DJALO / #23 DEVON SCOTT,930,15.5,-2,18,7,12,2,4,2,2,1,9,5,4,0,0,21,5,14,1,7,10,12,2,5,2,1,1,2
2026-07-23,Diablos Rojos,DRM,AGS,2,#0 YAN DJALO / #24 MICHAEL CARRERA,1070,17.83,0,19,8,26,1,13,2,2,9,10,5,3,1,0,20,6,18,1,8,7,9,3,10,1,3,1,5
2026-07-23,Diablos Rojos,DRM,AGS,2,#0 YAN DJALO / #7 JOSE CRUZ,256,4.27,-7,5,2,4,0,2,1,1,0,5,2,3,0,1,12,4,9,0,4,4,5,1,2,2,0,1,0
2026-07-23,Diablos Rojos,DRM,AGS,2,#0 YAN DJALO / #9 THOMAS DRECHSEL,1277,21.28,-3,24,9,29,2,15,4,4,9,14,6,4,1,0,28,8,23,2,11,10,12,3,12,3,3,1,5
2026-07-23,Diablos Rojos,DRM,AGS,3,#0 YAN DJALO / #23 DEVON SCOTT / #24 MICHAEL CARRERA,768,12.8,1,13,5,9,1,3,2,2,1,6,4,3,0,0,13,3,10,0,4,7,9,2,4,0,1,1,2
2026-07-23,Diablos Rojos,DRM,AGS,3,#0 YAN DJALO / #23 DEVON SCOTT / #7 JOSE CRUZ,143,2.38,-4,3,1,2,0,1,1,1,0,3,1,2,0,0,7,2,6,0,4,3,3,1,1,0,0,0,0
2026-07-23,Diablos Rojos,DRM,AGS,3,#0 YAN DJALO / #23 DEVON SCOTT / #9 THOMAS DRECHSEL,907,15.12,-2,16,6,11,2,4,2,2,1,9,5,4,0,0,19,5,14,1,7,8,10,2,5,2,1,1,2
2026-07-23,Diablos Rojos,DRM,AGS,3,#0 YAN DJALO / #24 MICHAEL CARRERA / #7 JOSE CRUZ,97,1.62,-3,1,0,1,0,1,1,1,0,1,1,1,0,0,4,2,4,0,2,0,0,1,1,0,0,0,0
2026-07-23,Diablos Rojos,DRM,AGS,3,#0 YAN DJALO / #24 MICHAEL CARRERA / #9 THOMAS DRECHSEL,1070,17.83,0,19,8,26,1,13,2,2,9,10,5,3,1,0,20,6,18,1,8,7,9,3,10,1,3,1,5
2026-07-23,Diablos Rojos,DRM,AGS,3,#0 YAN DJALO / #7 JOSE CRUZ / #9 THOMAS DRECHSEL,120,2.0,-4,1,0,1,0,1,1,1,0,3,1,2,0,0,5,2,6,0,4,1,1,1,1,0,0,0,0
2026-07-23,Diablos Rojos,DRM,AGS,4,#0 YAN DJALO / #23 DEVON SCOTT / #24 MICHAEL CARRERA / #7 JOSE CRUZ,97,1.62,-3,1,0,1,0,1,1,1,0,1,1,1,0,0,4,2,4,0,2,0,0,1,1,0,0,0,0
2026-07-23,Diablos Rojos,DRM,AGS,4,#0 YAN DJALO / #23 DEVON SCOTT / #24 MICHAEL CARRERA / #9 THOMAS DRECHSEL,768,12.8,1,13,5,9,1,3,2,2,1,6,4,3,0,0,13,3,10,0,4,7,9,2,4,0,1,1,2
2026-07-23,Diablos Rojos,DRM,AGS,4,#0 YAN DJALO / #23 DEVON SCOTT / #7 JOSE CRUZ / #9 THOMAS DRECHSEL,120,2.0,-4,1,0,1,0,1,1,1,0,3,1,2,0,0,5,2,6,0,4,1,1,1,1,0,0,0,0
2026-07-23,Diablos Rojos,DRM,AGS,4,#0 YAN DJALO / #24 MICHAEL CARRERA / #7 JOSE CRUZ / #9 THOMAS DRECHSEL,97,1.62,-3,1,0,1,0,1,1,1,0,1,1,1,0,0,4,2,4,0,2,0,0,1,1,0,0,0,0
2026-07-23,Diablos Rojos,DRM,AGS,5,#0 YAN DJALO / #23 DEVON SCOTT / #24 MICHAEL CARRERA / #7 JOSE CRUZ / #9 THOMAS DRECHSEL,97,1.62,-3,1,0,1,0,1,1,1,0,1,1,1,0,0,4,2,4,0,2,0,0,1,1,0,0,0,0
2026-07-23,Diablos Rojos,DRM,AGS,1,#66 GLENN COSEY,1617,26.95,-7,49,19,43,6,24,5,5,10,19,11,7,1,1,47,15,36,5,17,12,15,4,15,7,6,4,4
2026-07-23,Diablos Rojos,DRM,AGS,2,#0 YAN DJALO / #66 GLENN COSEY,1327,22.12,-4,30,12,28,3,15,3,3,8,11,6,6,1,1,33,10,22,3,10,10,12,2,9,4,3,4,3
2026-07-23,Diablos Rojos,DRM,AGS,2,#24 MICHAEL CARRERA / #66 GLENN COSEY,1210,20.17,1,35,14,36,4,20,3,3,10,15,9,3,0,0,27,9,27,3,13,6,8,4,13,4,5,1,4
2026-07-23,Diablos Rojos,DRM,AGS,2,#66 GLENN COSEY / #7 JOSE CRUZ,449,7.48,-7,8,4,8,0,3,0,0,1,6,2,2,0,1,14,4,10,1,6,5,7,2,3,4,1,1,0
2026-07-23,Diablos Rojos,DRM,AGS,2,#66 GLENN COSEY / #9 THOMAS DRECHSEL,1232,20.53,-1,38,15,37,5,21,3,3,10,17,10,4,0,0,31,10,30,4,16,7,9,4,13,5,5,1,4
2026-07-23,Diablos Rojos,DRM,AGS,3,#0 YAN DJALO / #24 MICHAEL CARRERA / #66 GLENN COSEY,920,15.33,4,16,7,21,1,11,1,1,8,7,4,2,0,0,13,4,13,1,6,4,5,2,7,1,2,1,3
2026-07-23,Diablos Rojos,DRM,AGS,3,#0 YAN DJALO / #66 GLENN COSEY / #7 JOSE CRUZ,159,2.65,-4,4,2,3,0,1,0,0,0,4,1,2,0,1,8,2,5,0,2,4,5,0,1,2,0,1,0
2026-07-23,Diablos Rojos,DRM,AGS,3,#0 YAN DJALO / #66 GLENN COSEY / #9 THOMAS DRECHSEL,1059,17.65,1,19,8,22,2,12,1,1,8,9,5,3,0,0,17,5,16,2,9,5,6,2,7,2,2,1,3
2026-07-23,Diablos Rojos,DRM,AGS,3,#24 MICHAEL CARRERA / #66 GLENN COSEY / #7 JOSE CRUZ,290,4.83,-3,4,2,5,0,2,0,0,1,2,1,0,0,0,6,2,5,1,4,1,2,2,2,2,1,0,0
2026-07-23,Diablos Rojos,DRM,AGS,3,#24 MICHAEL CARRERA / #66 GLENN COSEY / #9 THOMAS DRECHSEL,1093,18.22,2,35,14,36,4,20,3,3,10,15,9,3,0,0,27,9,27,3,13,6,8,4,13,4,5,1,4
2026-07-23,Diablos Rojos,DRM,AGS,3,#66 GLENN COSEY / #7 JOSE CRUZ / #9 THOMAS DRECHSEL,196,3.27,-3,4,2,5,0,2,0,0,1,4,1,1,0,0,7,2,7,1,6,2,3,2,2,2,1,0,0
2026-07-23,Diablos Rojos,DRM,AGS,4,#0 YAN DJALO / #24 MICHAEL CARRERA / #66 GLENN COSEY / #7 JOSE CRUZ,0,0.0,0,0,0,0,0,0,0,0,0,0,0,0,0,0,0,0,0,0,0,0,0,0,0,0,0,0,0
2026-07-23,Diablos Rojos,DRM,AGS,4,#0 YAN DJALO / #24 MICHAEL CARRERA / #66 GLENN COSEY / #9 THOMAS DRECHSEL,920,15.33,4,16,7,21,1,11,1,1,8,7,4,2,0,0,13,4,13,1,6,4,5,2,7,1,2,1,3
2026-07-23,Diablos Rojos,DRM,AGS,4,#0 YAN DJALO / #66 GLENN COSEY / #7 JOSE CRUZ / #9 THOMAS DRECHSEL,23,0.38,-1,0,0,0,0,0,0,0,0,2,0,1,0,0,1,0,2,0,2,1,1,0,0,0,0,0,0
2026-07-23,Diablos Rojos,DRM,AGS,4,#24 MICHAEL CARRERA / #66 GLENN COSEY / #7 JOSE CRUZ / #9 THOMAS DRECHSEL,173,2.88,-2,4,2,5,0,2,0,0,1,2,1,0,0,0,6,2,5,1,4,1,2,2,2,2,1,0,0
2026-07-23,Diablos Rojos,DRM,AGS,5,#0 YAN DJALO / #24 MICHAEL CARRERA / #66 GLENN COSEY / #7 JOSE CRUZ / #9 THOMAS DRECHSEL,0,0.0,0,0,0,0,0,0,0,0,0,0,0,0,0,0,0,0,0,0,0,0,0,0,0,0,0,0,0
2026-07-23,Diablos Rojos,DRM,AGS,1,#10 BRUNO PEDRO,720,12.0,-9,19,8,25,1,12,2,2,9,9,4,4,1,1,28,10,20,4,10,4,5,3,8,5,1,3,3
2026-07-23,Diablos Rojos,DRM,AGS,2,#0 YAN DJALO / #10 BRUNO PEDRO,547,9.12,-6,15,6,19,1,10,2,2,7,6,2,3,1,1,21,8,14,2,5,3,4,1,6,3,1,3,3
2026-07-23,Diablos Rojos,DRM,AGS,2,#10 BRUNO PEDRO / #24 MICHAEL CARRERA,475,7.92,-4,10,5,20,0,9,0,0,9,7,3,1,0,0,14,5,14,3,9,1,1,3,6,3,0,0,3
2026-07-23,Diablos Rojos,DRM,AGS,2,#10 BRUNO PEDRO / #66 GLENN COSEY,589,9.82,-9,15,6,20,1,11,2,2,7,7,2,3,1,1,24,9,16,3,7,3,4,2,7,4,1,3,3
2026-07-23,Diablos Rojos,DRM,AGS,2,#10 BRUNO PEDRO / #9 THOMAS DRECHSEL,475,7.92,-4,10,5,20,0,9,0,0,9,7,3,1,0,0,14,5,14,3,9,1,1,3,6,3,0,0,3
2026-07-23,Diablos Rojos,DRM,AGS,3,#0 YAN DJALO / #10 BRUNO PEDRO / #24 MICHAEL CARRERA,302,5.03,-1,6,3,14,0,7,0,0,7,4,1,0,0,0,7,3,8,1,4,0,0,1,4,1,0,0,3
2026-07-23,Diablos Rojos,DRM,AGS,3,#0 YAN DJALO / #10 BRUNO PEDRO / #66 GLENN COSEY,540,9.0,-6,15,6,19,1,10,2,2,7,6,2,3,1,1,21,8,14,2,5,3,4,1,6,3,1,3,3
2026-07-23,Diablos Rojos,DRM,AGS,3,#0 YAN DJALO / #10 BRUNO PEDRO / #9 THOMAS DRECHSEL,302,5.03,-1,6,3,14,0,7,0,0,7,4,1,0,0,0,7,3,8,1,4,0,0,1,4,1,0,0,3
2026-07-23,Diablos Rojos,DRM,AGS,3,#10 BRUNO PEDRO / #24 MICHAEL CARRERA / #66 GLENN COSEY,344,5.73,-4,6,3,15,0,8,0,0,7,5,1,0,0,0,10,4,10,2,6,0,0,2,5,2,0,0,3
2026-07-23,Diablos Rojos,DRM,AGS,3,#10 BRUNO PEDRO / #24 MICHAEL CARRERA / #9 THOMAS DRECHSEL,475,7.92,-4,10,5,20,0,9,0,0,9,7,3,1,0,0,14,5,14,3,9,1,1,3,6,3,0,0,3
2026-07-23,Diablos Rojos,DRM,AGS,3,#10 BRUNO PEDRO / #66 GLENN COSEY / #9 THOMAS DRECHSEL,344,5.73,-4,6,3,15,0,8,0,0,7,5,1,0,0,0,10,4,10,2,6,0,0,2,5,2,0,0,3
2026-07-23,Diablos Rojos,DRM,AGS,4,#0 YAN DJALO / #10 BRUNO PEDRO / #24 MICHAEL CARRERA / #66 GLENN COSEY,295,4.92,-1,6,3,14,0,7,0,0,7,4,1,0,0,0,7,3,8,1,4,0,0,1,4,1,0,0,3
2026-07-23,Diablos Rojos,DRM,AGS,4,#0 YAN DJALO / #10 BRUNO PEDRO / #24 MICHAEL CARRERA / #9 THOMAS DRECHSEL,302,5.03,-1,6,3,14,0,7,0,0,7,4,1,0,0,0,7,3,8,1,4,0,0,1,4,1,0,0,3
2026-07-23,Diablos Rojos,DRM,AGS,4,#0 YAN DJALO / #10 BRUNO PEDRO / #66 GLENN COSEY / #9 THOMAS DRECHSEL,295,4.92,-1,6,3,14,0,7,0,0,7,4,1,0,0,0,7,3,8,1,4,0,0,1,4,1,0,0,3
2026-07-23,Diablos Rojos,DRM,AGS,4,#10 BRUNO PEDRO / #24 MICHAEL CARRERA / #66 GLENN COSEY / #9 THOMAS DRECHSEL,344,5.73,-4,6,3,15,0,8,0,0,7,5,1,0,0,0,10,4,10,2,6,0,0,2,5,2,0,0,3
2026-07-23,Diablos Rojos,DRM,AGS,5,#0 YAN DJALO / #10 BRUNO PEDRO / #24 MICHAEL CARRERA / #66 GLENN COSEY / #9 THOMAS DRECHSEL,295,4.92,-1,6,3,14,0,7,0,0,7,4,1,0,0,0,7,3,8,1,4,0,0,1,4,1,0,0,3
2026-07-23,Diablos Rojos,DRM,AGS,2,#0 YAN DJALO / #6 SANTIAGO SCALA,934,15.57,-1,22,7,14,3,7,5,5,1,7,5,4,1,1,30,9,17,2,6,10,12,3,6,4,1,3,2
2026-07-23,Diablos Rojos,DRM,AGS,2,#10 BRUNO PEDRO / #6 SANTIAGO SCALA,376,6.27,-5,13,5,10,1,4,2,2,2,4,3,4,1,1,18,6,10,2,4,4,5,1,3,3,1,3,0
2026-07-23,Diablos Rojos,DRM,AGS,3,#0 YAN DJALO / #10 BRUNO PEDRO / #6 SANTIAGO SCALA,252,4.2,-5,9,3,5,1,3,2,2,0,2,1,3,1,1,14,5,6,1,1,3,4,0,2,2,1,3,0
2026-07-23,Diablos Rojos,DRM,AGS,3,#0 YAN DJALO / #24 MICHAEL CARRERA / #6 SANTIAGO SCALA,482,8.03,6,6,2,5,1,2,1,1,1,3,2,1,0,0,7,2,5,0,2,3,4,1,2,0,0,0,2
2026-07-23,Diablos Rojos,DRM,AGS,3,#0 YAN DJALO / #6 SANTIAGO SCALA / #9 THOMAS DRECHSEL,666,11.1,4,11,3,8,2,4,3,3,1,5,3,1,0,0,14,4,8,1,3,5,6,1,4,2,0,0,2
2026-07-23,Diablos Rojos,DRM,AGS,3,#10 BRUNO PEDRO / #24 MICHAEL CARRERA / #6 SANTIAGO SCALA,131,2.18,0,4,2,5,0,1,0,0,2,2,2,1,0,0,4,1,4,1,3,1,1,1,1,1,0,0,0
2026-07-23,Diablos Rojos,DRM,AGS,3,#10 BRUNO PEDRO / #6 SANTIAGO SCALA / #9 THOMAS DRECHSEL,131,2.18,0,4,2,5,0,1,0,0,2,2,2,1,0,0,4,1,4,1,3,1,1,1,1,1,0,0,0
2026-07-23,Diablos Rojos,DRM,AGS,4,#0 YAN DJALO / #10 BRUNO PEDRO / #24 MICHAEL CARRERA / #6 SANTIAGO SCALA,7,0.12,0,0,0,0,0,0,0,0,0,0,0,0,0,0,0,0,0,0,0,0,0,0,0,0,0,0,0
2026-07-23,Diablos Rojos,DRM,AGS,4,#0 YAN DJALO / #10 BRUNO PEDRO / #6 SANTIAGO SCALA / #9 THOMAS DRECHSEL,7,0.12,0,0,0,0,0,0,0,0,0,0,0,0,0,0,0,0,0,0,0,0,0,0,0,0,0,0,0
2026-07-23,Diablos Rojos,DRM,AGS,4,#0 YAN DJALO / #24 MICHAEL CARRERA / #6 SANTIAGO SCALA / #9 THOMAS DRECHSEL,482,8.03,6,6,2,5,1,2,1,1,1,3,2,1,0,0,7,2,5,0,2,3,4,1,2,0,0,0,2
2026-07-23,Diablos Rojos,DRM,AGS,4,#10 BRUNO PEDRO / #24 MICHAEL CARRERA / #6 SANTIAGO SCALA / #9 THOMAS DRECHSEL,131,2.18,0,4,2,5,0,1,0,0,2,2,2,1,0,0,4,1,4,1,3,1,1,1,1,1,0,0,0
2026-07-23,Diablos Rojos,DRM,AGS,5,#0 YAN DJALO / #10 BRUNO PEDRO / #24 MICHAEL CARRERA / #6 SANTIAGO SCALA / #9 THOMAS DRECHSEL,7,0.12,0,0,0,0,0,0,0,0,0,0,0,0,0,0,0,0,0,0,0,0,0,0,0,0,0,0,0
2026-07-23,Diablos Rojos,DRM,AGS,2,#6 SANTIAGO SCALA / #66 GLENN COSEY,833,13.88,2,32,11,18,6,12,4,4,1,8,7,4,1,1,27,9,16,3,5,6,7,0,6,4,3,3,1
2026-07-23,Diablos Rojos,DRM,AGS,3,#0 YAN DJALO / #6 SANTIAGO SCALA / #66 GLENN COSEY,716,11.93,3,17,6,8,3,5,2,2,0,2,3,3,1,1,19,6,7,2,2,5,6,0,2,3,1,3,0
2026-07-23,Diablos Rojos,DRM,AGS,3,#10 BRUNO PEDRO / #6 SANTIAGO SCALA / #66 GLENN COSEY,245,4.08,-5,9,3,5,1,3,2,2,0,2,1,3,1,1,14,5,6,1,1,3,4,0,2,2,1,3,0
2026-07-23,Diablos Rojos,DRM,AGS,3,#6 SANTIAGO SCALA / #66 GLENN COSEY / #9 THOMAS DRECHSEL,448,7.47,8,21,7,12,5,9,2,2,1,6,6,1,0,0,11,4,10,2,4,1,1,0,4,2,2,0,1
2026-07-23,Diablos Rojos,DRM,AGS,4,#0 YAN DJALO / #10 BRUNO PEDRO / #6 SANTIAGO SCALA / #66 GLENN COSEY,245,4.08,-5,9,3,5,1,3,2,2,0,2,1,3,1,1,14,5,6,1,1,3,4,0,2,2,1,3,0
2026-07-23,Diablos Rojos,DRM,AGS,4,#0 YAN DJALO / #6 SANTIAGO SCALA / #66 GLENN COSEY / #9 THOMAS DRECHSEL,448,7.47,8,6,2,2,2,2,0,0,0,0,2,0,0,0,3,1,1,1,1,0,0,0,0,1,0,0,0
2026-07-23,Diablos Rojos,DRM,AGS,4,#10 BRUNO PEDRO / #6 SANTIAGO SCALA / #66 GLENN COSEY / #9 THOMAS DRECHSEL,0,0.0,0,0,0,0,0,0,0,0,0,0,0,0,0,0,0,0,0,0,0,0,0,0,0,0,0,0,0
2026-07-23,Diablos Rojos,DRM,AGS,5,#0 YAN DJALO / #10 BRUNO PEDRO / #6 SANTIAGO SCALA / #66 GLENN COSEY / #9 THOMAS DRECHSEL,0,0.0,0,0,0,0,0,0,0,0,0,0,0,0,0,0,0,0,0,0,0,0,0,0,0,0,0,0,0
2026-07-23,Diablos Rojos,DRM,AGS,1,#21 PEDRO MENDOZA,200,3.33,-2,10,3,4,2,3,2,2,0,1,1,2,1,0,12,4,8,2,5,2,2,3,1,1,1,2,0
2026-07-23,Diablos Rojos,DRM,AGS,2,#0 YAN DJALO / #21 PEDRO MENDOZA,200,3.33,-2,10,3,4,2,3,2,2,0,1,1,2,1,0,9,3,6,1,3,2,2,2,1,0,1,2,0
2026-07-23,Diablos Rojos,DRM,AGS,2,#10 BRUNO PEDRO / #21 PEDRO MENDOZA,132,2.2,-2,7,2,3,1,2,2,2,0,0,0,2,1,0,9,3,3,1,1,2,2,0,1,0,1,2,0
2026-07-23,Diablos Rojos,DRM,AGS,2,#21 PEDRO MENDOZA / #6 SANTIAGO SCALA,200,3.33,-2,7,2,3,1,2,2,2,0,1,1,2,1,0,9,3,6,1,3,2,2,2,1,0,1,2,0
2026-07-23,Diablos Rojos,DRM,AGS,2,#21 PEDRO MENDOZA / #66 GLENN COSEY,132,2.2,-2,7,2,3,1,2,2,2,0,0,0,2,1,0,9,3,3,1,1,2,2,0,1,0,1,2,0
2026-07-23,Diablos Rojos,DRM,AGS,3,#0 YAN DJALO / #10 BRUNO PEDRO / #21 PEDRO MENDOZA,132,2.2,-2,7,2,3,1,2,2,2,0,0,0,2,1,0,9,3,3,1,1,2,2,0,1,0,1,2,0
2026-07-23,Diablos Rojos,DRM,AGS,3,#0 YAN DJALO / #21 PEDRO MENDOZA / #6 SANTIAGO SCALA,200,3.33,-2,7,2,3,1,2,2,2,0,1,1,2,1,0,9,3,6,1,3,2,2,2,1,0,1,2,0
2026-07-23,Diablos Rojos,DRM,AGS,3,#0 YAN DJALO / #21 PEDRO MENDOZA / #66 GLENN COSEY,132,2.2,-2,7,2,3,1,2,2,2,0,0,0,2,1,0,9,3,3,1,1,2,2,0,1,0,1,2,0
2026-07-23,Diablos Rojos,DRM,AGS,3,#10 BRUNO PEDRO / #21 PEDRO MENDOZA / #6 SANTIAGO SCALA,132,2.2,-2,7,2,3,1,2,2,2,0,0,0,2,1,0,9,3,3,1,1,2,2,0,1,0,1,2,0
2026-07-23,Diablos Rojos,DRM,AGS,3,#10 BRUNO PEDRO / #21 PEDRO MENDOZA / #66 GLENN COSEY,132,2.2,-2,7,2,3,1,2,2,2,0,0,0,2,1,0,9,3,3,1,1,2,2,0,1,0,1,2,0
2026-07-23,Diablos Rojos,DRM,AGS,3,#21 PEDRO MENDOZA / #6 SANTIAGO SCALA / #66 GLENN COSEY,132,2.2,-2,7,2,3,1,2,2,2,0,0,0,2,1,0,9,3,3,1,1,2,2,0,1,0,1,2,0
2026-07-23,Diablos Rojos,DRM,AGS,4,#0 YAN DJALO / #10 BRUNO PEDRO / #21 PEDRO MENDOZA / #6 SANTIAGO SCALA,132,2.2,-2,7,2,3,1,2,2,2,0,0,0,2,1,0,9,3,3,1,1,2,2,0,1,0,1,2,0
2026-07-23,Diablos Rojos,DRM,AGS,4,#0 YAN DJALO / #10 BRUNO PEDRO / #21 PEDRO MENDOZA / #66 GLENN COSEY,132,2.2,-2,7,2,3,1,2,2,2,0,0,0,2,1,0,9,3,3,1,1,2,2,0,1,0,1,2,0
2026-07-23,Diablos Rojos,DRM,AGS,4,#0 YAN DJALO / #21 PEDRO MENDOZA / #6 SANTIAGO SCALA / #66 GLENN COSEY,132,2.2,-2,7,2,3,1,2,2,2,0,0,0,2,1,0,9,3,3,1,1,2,2,0,1,0,1,2,0
2026-07-23,Diablos Rojos,DRM,AGS,4,#10 BRUNO PEDRO / #21 PEDRO MENDOZA / #6 SANTIAGO SCALA / #66 GLENN COSEY,132,2.2,-2,7,2,3,1,2,2,2,0,0,0,2,1,0,9,3,3,1,1,2,2,0,1,0,1,2,0
2026-07-23,Diablos Rojos,DRM,AGS,5,#0 YAN DJALO / #10 BRUNO PEDRO / #21 PEDRO MENDOZA / #6 SANTIAGO SCALA / #66 GLENN COSEY,132,2.2,-2,7,2,3,1,2,2,2,0,0,0,2,1,0,9,3,3,1,1,2,2,0,1,0,1,2,0
2026-07-23,Diablos Rojos,DRM,AGS,2,#10 BRUNO PEDRO / #7 JOSE CRUZ,286,4.77,-6,6,3,8,0,3,0,0,2,5,3,2,0,1,12,4,9,2,5,2,3,2,3,4,0,1,0
2026-07-23,Diablos Rojos,DRM,AGS,3,#0 YAN DJALO / #10 BRUNO PEDRO / #7 JOSE CRUZ,113,1.88,-3,2,1,2,0,1,0,0,0,2,1,1,0,1,5,2,3,0,0,1,2,0,1,2,0,1,0
2026-07-23,Diablos Rojos,DRM,AGS,3,#0 YAN DJALO / #6 SANTIAGO SCALA / #7 JOSE CRUZ,233,3.88,-6,5,2,4,0,2,1,1,0,3,2,2,0,1,11,4,7,0,2,3,4,1,2,2,0,1,0
2026-07-23,Diablos Rojos,DRM,AGS,3,#10 BRUNO PEDRO / #6 SANTIAGO SCALA / #7 JOSE CRUZ,237,3.95,-3,6,3,7,0,2,0,0,2,4,3,2,0,1,9,3,7,1,3,2,3,1,2,3,0,1,0
2026-07-23,Diablos Rojos,DRM,AGS,3,#10 BRUNO PEDRO / #66 GLENN COSEY / #7 JOSE CRUZ,162,2.7,-6,2,1,3,0,2,0,0,0,3,1,1,0,1,8,3,5,1,2,1,2,1,2,3,0,1,0
2026-07-23,Diablos Rojos,DRM,AGS,3,#6 SANTIAGO SCALA / #66 GLENN COSEY / #7 JOSE CRUZ,253,4.22,-4,4,2,3,0,1,0,0,0,2,1,1,0,1,7,2,3,0,0,3,4,0,1,2,0,1,0
2026-07-23,Diablos Rojos,DRM,AGS,4,#0 YAN DJALO / #10 BRUNO PEDRO / #6 SANTIAGO SCALA / #7 JOSE CRUZ,113,1.88,-3,2,1,2,0,1,0,0,0,2,1,1,0,1,5,2,3,0,0,1,2,0,1,2,0,1,0
2026-07-23,Diablos Rojos,DRM,AGS,4,#0 YAN DJALO / #10 BRUNO PEDRO / #66 GLENN COSEY / #7 JOSE CRUZ,113,1.88,-3,2,1,2,0,1,0,0,0,2,1,1,0,1,5,2,3,0,0,1,2,0,1,2,0,1,0
2026-07-23,Diablos Rojos,DRM,AGS,4,#0 YAN DJALO / #6 SANTIAGO SCALA / #66 GLENN COSEY / #7 JOSE CRUZ,136,2.27,-3,4,2,3,0,1,0,0,0,2,1,1,0,1,7,2,3,0,0,3,4,0,1,2,0,1,0
2026-07-23,Diablos Rojos,DRM,AGS,4,#10 BRUNO PEDRO / #6 SANTIAGO SCALA / #66 GLENN COSEY / #7 JOSE CRUZ,113,1.88,-3,2,1,2,0,1,0,0,0,2,1,1,0,1,5,2,3,0,0,1,2,0,1,2,0,1,0
2026-07-23,Diablos Rojos,DRM,AGS,5,#0 YAN DJALO / #10 BRUNO PEDRO / #6 SANTIAGO SCALA / #66 GLENN COSEY / #7 JOSE CRUZ,113,1.88,-3,2,1,2,0,1,0,0,0,2,1,1,0,1,5,2,3,0,0,1,2,0,1,2,0,1,0
2026-07-23,Diablos Rojos,DRM,AGS,2,#23 DEVON SCOTT / #66 GLENN COSEY,1028,17.13,2,34,13,21,5,11,3,3,2,12,9,4,0,0,23,6,20,2,10,9,11,2,7,3,4,1,1
2026-07-23,Diablos Rojos,DRM,AGS,3,#0 YAN DJALO / #23 DEVON SCOTT / #6 SANTIAGO SCALA,614,10.23,4,11,4,8,2,3,1,1,1,4,3,1,0,0,14,4,7,1,3,5,6,1,3,2,0,0,2
2026-07-23,Diablos Rojos,DRM,AGS,3,#0 YAN DJALO / #23 DEVON SCOTT / #66 GLENN COSEY,787,13.12,2,15,6,7,2,3,1,1,0,5,4,3,0,0,12,2,8,1,5,7,8,1,2,1,1,1,0
2026-07-23,Diablos Rojos,DRM,AGS,3,#23 DEVON SCOTT / #6 SANTIAGO SCALA / #66 GLENN COSEY,588,9.8,7,23,8,13,5,9,2,2,1,6,6,1,0,0,13,4,10,2,4,3,3,0,4,2,2,0,1
2026-07-23,Diablos Rojos,DRM,AGS,3,#23 DEVON SCOTT / #66 GLENN COSEY / #7 JOSE CRUZ,287,4.78,-1,6,3,5,0,1,0,0,1,3,1,1,0,0,6,1,5,0,4,4,5,1,1,1,1,0,0
2026-07-23,Diablos Rojos,DRM,AGS,4,#0 YAN DJALO / #23 DEVON SCOTT / #6 SANTIAGO SCALA / #66 GLENN COSEY,471,7.85,8,8,3,3,2,2,0,0,0,0,2,0,0,0,5,1,1,1,1,2,2,0,0,1,0,0,0
2026-07-23,Diablos Rojos,DRM,AGS,4,#0 YAN DJALO / #23 DEVON SCOTT / #6 SANTIAGO SCALA / #7 JOSE CRUZ,120,2.0,-3,3,1,2,0,1,1,1,0,1,1,1,0,0,6,2,4,0,2,2,2,1,1,0,0,0,0
2026-07-23,Diablos Rojos,DRM,AGS,4,#0 YAN DJALO / #23 DEVON SCOTT / #66 GLENN COSEY / #7 JOSE CRUZ,46,0.77,-1,2,1,1,0,0,0,0,0,2,0,1,0,0,3,0,2,0,2,3,3,0,0,0,0,0,0
2026-07-23,Diablos Rojos,DRM,AGS,4,#23 DEVON SCOTT / #6 SANTIAGO SCALA / #66 GLENN COSEY / #7 JOSE CRUZ,140,2.33,-1,2,1,1,0,0,0,0,0,0,0,0,0,0,2,0,0,0,0,2,2,0,0,0,0,0,0
2026-07-23,Diablos Rojos,DRM,AGS,5,#0 YAN DJALO / #23 DEVON SCOTT / #6 SANTIAGO SCALA / #66 GLENN COSEY / #7 JOSE CRUZ,23,0.38,0,2,1,1,0,0,0,0,0,0,0,0,0,0,2,0,0,0,0,2,2,0,0,0,0,0,0
2026-07-23,Diablos Rojos,DRM,AGS,2,#21 PEDRO MENDOZA / #9 THOMAS DRECHSEL,68,1.13,0,0,0,0,0,0,0,0,0,1,0,0,0,0,0,0,0,0,0,0,0,0,0,0,0,0,0
2026-07-23,Diablos Rojos,DRM,AGS,3,#0 YAN DJALO / #21 PEDRO MENDOZA / #9 THOMAS DRECHSEL,68,1.13,0,0,0,0,0,0,0,0,0,1,0,0,0,0,0,0,0,0,0,0,0,0,0,0,0,0,0
2026-07-23,Diablos Rojos,DRM,AGS,3,#21 PEDRO MENDOZA / #6 SANTIAGO SCALA / #9 THOMAS DRECHSEL,68,1.13,0,0,0,0,0,0,0,0,0,1,0,0,0,0,0,0,0,0,0,0,0,0,0,0,0,0,0
2026-07-23,Diablos Rojos,DRM,AGS,4,#0 YAN DJALO / #21 PEDRO MENDOZA / #6 SANTIAGO SCALA / #9 THOMAS DRECHSEL,68,1.13,0,0,0,0,0,0,0,0,0,1,0,0,0,0,0,0,0,0,0,0,0,0,0,0,0,0,0
2026-07-23,Diablos Rojos,DRM,AGS,4,#0 YAN DJALO / #23 DEVON SCOTT / #6 SANTIAGO SCALA / #9 THOMAS DRECHSEL,591,9.85,4,9,3,7,2,3,1,1,1,4,3,1,0,0,12,4,7,1,3,3,4,1,3,2,0,0,2
2026-07-23,Diablos Rojos,DRM,AGS,3,#23 DEVON SCOTT / #66 GLENN COSEY / #9 THOMAS DRECHSEL,888,14.8,3,32,12,20,5,11,3,3,2,12,9,4,0,0,21,6,20,2,10,7,9,2,7,3,4,1,1
2026-07-23,Diablos Rojos,DRM,AGS,4,#0 YAN DJALO / #23 DEVON SCOTT / #66 GLENN COSEY / #9 THOMAS DRECHSEL,764,12.73,2,13,5,6,2,3,1,1,0,5,4,3,0,0,10,2,8,1,5,5,6,1,2,1,1,1,0
2026-07-23,Diablos Rojos,DRM,AGS,4,#23 DEVON SCOTT / #6 SANTIAGO SCALA / #66 GLENN COSEY / #9 THOMAS DRECHSEL,448,7.47,8,21,7,12,5,9,2,2,1,6,6,1,0,0,11,4,10,2,4,1,1,0,4,2,2,0,1
2026-07-23,Diablos Rojos,DRM,AGS,5,#0 YAN DJALO / #23 DEVON SCOTT / #6 SANTIAGO SCALA / #66 GLENN COSEY / #9 THOMAS DRECHSEL,448,7.47,8,6,2,2,2,2,0,0,0,0,2,0,0,0,3,1,1,1,1,0,0,0,0,1,0,0,0
2026-07-23,Diablos Rojos,DRM,AGS,3,#23 DEVON SCOTT / #24 MICHAEL CARRERA / #66 GLENN COSEY,866,14.43,5,29,11,19,4,10,3,3,2,10,8,3,0,0,17,5,17,1,7,6,8,2,7,2,4,1,1
2026-07-23,Diablos Rojos,DRM,AGS,4,#23 DEVON SCOTT / #24 MICHAEL CARRERA / #66 GLENN COSEY / #7 JOSE CRUZ,241,4.02,0,4,2,4,0,1,0,0,1,1,1,0,0,0,3,1,3,0,2,1,2,1,1,1,1,0,0
2026-07-23,Diablos Rojos,DRM,AGS,4,#23 DEVON SCOTT / #24 MICHAEL CARRERA / #66 GLENN COSEY / #9 THOMAS DRECHSEL,749,12.48,6,29,11,19,4,10,3,3,2,10,8,3,0,0,17,5,17,1,7,6,8,2,7,2,4,1,1
2026-07-23,Diablos Rojos,DRM,AGS,4,#23 DEVON SCOTT / #66 GLENN COSEY / #7 JOSE CRUZ / #9 THOMAS DRECHSEL,147,2.45,0,4,2,4,0,1,0,0,1,3,1,1,0,0,4,1,5,0,4,2,3,1,1,1,1,0,0
2026-07-23,Diablos Rojos,DRM,AGS,5,#23 DEVON SCOTT / #24 MICHAEL CARRERA / #66 GLENN COSEY / #7 JOSE CRUZ / #9 THOMAS DRECHSEL,124,2.07,1,4,2,4,0,1,0,0,1,1,1,0,0,0,3,1,3,0,2,1,2,1,1,1,1,0,0
2026-07-23,Diablos Rojos,DRM,AGS,3,#10 BRUNO PEDRO / #24 MICHAEL CARRERA / #7 JOSE CRUZ,173,2.88,-3,4,2,6,0,2,0,0,2,3,2,1,0,0,7,2,6,2,5,1,1,2,2,2,0,0,0
2026-07-23,Diablos Rojos,DRM,AGS,3,#10 BRUNO PEDRO / #7 JOSE CRUZ / #9 THOMAS DRECHSEL,173,2.88,-3,4,2,6,0,2,0,0,2,3,2,1,0,0,7,2,6,2,5,1,1,2,2,2,0,0,0
2026-07-23,Diablos Rojos,DRM,AGS,4,#10 BRUNO PEDRO / #24 MICHAEL CARRERA / #66 GLENN COSEY / #7 JOSE CRUZ,49,0.82,-3,0,0,1,0,1,0,0,0,1,0,0,0,0,3,1,2,1,2,0,0,1,1,1,0,0,0
2026-07-23,Diablos Rojos,DRM,AGS,4,#10 BRUNO PEDRO / #24 MICHAEL CARRERA / #7 JOSE CRUZ / #9 THOMAS DRECHSEL,173,2.88,-3,4,2,6,0,2,0,0,2,3,2,1,0,0,7,2,6,2,5,1,1,2,2,2,0,0,0
2026-07-23,Diablos Rojos,DRM,AGS,4,#10 BRUNO PEDRO / #66 GLENN COSEY / #7 JOSE CRUZ / #9 THOMAS DRECHSEL,49,0.82,-3,0,0,1,0,1,0,0,0,1,0,0,0,0,3,1,2,1,2,0,0,1,1,1,0,0,0
2026-07-23,Diablos Rojos,DRM,AGS,5,#10 BRUNO PEDRO / #24 MICHAEL CARRERA / #66 GLENN COSEY / #7 JOSE CRUZ / #9 THOMAS DRECHSEL,49,0.82,-3,0,0,1,0,1,0,0,0,1,0,0,0,0,3,1,2,1,2,0,0,1,1,1,0,0,0
2026-07-23,Diablos Rojos,DRM,AGS,2,#10 BRUNO PEDRO / #23 DEVON SCOTT,0,0.0,0,0,0,0,0,0,0,0,0,0,0,0,0,0,0,0,0,0,0,0,0,0,0,0,0,0,0
2026-07-23,Diablos Rojos,DRM,AGS,3,#0 YAN DJALO / #10 BRUNO PEDRO / #23 DEVON SCOTT,0,0.0,0,0,0,0,0,0,0,0,0,0,0,0,0,0,0,0,0,0,0,0,0,0,0,0,0,0,0
2026-07-23,Diablos Rojos,DRM,AGS,3,#10 BRUNO PEDRO / #23 DEVON SCOTT / #24 MICHAEL CARRERA,0,0.0,0,0,0,0,0,0,0,0,0,0,0,0,0,0,0,0,0,0,0,0,0,0,0,0,0,0,0
2026-07-23,Diablos Rojos,DRM,AGS,3,#10 BRUNO PEDRO / #23 DEVON SCOTT / #9 THOMAS DRECHSEL,0,0.0,0,0,0,0,0,0,0,0,0,0,0,0,0,0,0,0,0,0,0,0,0,0,0,0,0,0,0
2026-07-23,Diablos Rojos,DRM,AGS,4,#0 YAN DJALO / #10 BRUNO PEDRO / #23 DEVON SCOTT / #24 MICHAEL CARRERA,0,0.0,0,0,0,0,0,0,0,0,0,0,0,0,0,0,0,0,0,0,0,0,0,0,0,0,0,0,0
2026-07-23,Diablos Rojos,DRM,AGS,4,#0 YAN DJALO / #10 BRUNO PEDRO / #23 DEVON SCOTT / #9 THOMAS DRECHSEL,0,0.0,0,0,0,0,0,0,0,0,0,0,0,0,0,0,0,0,0,0,0,0,0,0,0,0,0,0,0
2026-07-23,Diablos Rojos,DRM,AGS,4,#10 BRUNO PEDRO / #23 DEVON SCOTT / #24 MICHAEL CARRERA / #9 THOMAS DRECHSEL,0,0.0,0,0,0,0,0,0,0,0,0,0,0,0,0,0,0,0,0,0,0,0,0,0,0,0,0,0,0
2026-07-23,Diablos Rojos,DRM,AGS,5,#0 YAN DJALO / #10 BRUNO PEDRO / #23 DEVON SCOTT / #24 MICHAEL CARRERA / #9 THOMAS DRECHSEL,0,0.0,0,0,0,0,0,0,0,0,0,0,0,0,0,0,0,0,0,0,0,0,0,0,0,0,0,0,0
2026-07-23,Diablos Rojos,DRM,AGS,4,#0 YAN DJALO / #23 DEVON SCOTT / #24 MICHAEL CARRERA / #6 SANTIAGO SCALA,475,7.92,6,6,2,5,1,2,1,1,1,3,2,1,0,0,7,2,5,0,2,3,4,1,2,0,0,0,2
2026-07-23,Diablos Rojos,DRM,AGS,5,#0 YAN DJALO / #23 DEVON SCOTT / #24 MICHAEL CARRERA / #6 SANTIAGO SCALA / #9 THOMAS DRECHSEL,475,7.92,6,6,2,5,1,2,1,1,1,3,2,1,0,0,7,2,5,0,2,3,4,1,2,0,0,0,2
2026-07-23,Diablos Rojos,DRM,AGS,4,#0 YAN DJALO / #23 DEVON SCOTT / #24 MICHAEL CARRERA / #66 GLENN COSEY,625,10.42,5,10,4,5,1,2,1,1,0,3,3,2,0,0,6,1,5,0,2,4,5,1,2,0,1,1,0
2026-07-23,Diablos Rojos,DRM,AGS,5,#0 YAN DJALO / #23 DEVON SCOTT / #24 MICHAEL CARRERA / #66 GLENN COSEY / #9 THOMAS DRECHSEL,625,10.42,5,10,4,5,1,2,1,1,0,3,3,2,0,0,6,1,5,0,2,4,5,1,2,0,1,1,0
2026-07-23,Diablos Rojos,DRM,AGS,4,#0 YAN DJALO / #24 MICHAEL CARRERA / #6 SANTIAGO SCALA / #7 JOSE CRUZ,97,1.62,-3,1,0,1,0,1,1,1,0,1,1,1,0,0,4,2,4,0,2,0,0,1,1,0,0,0,0
2026-07-23,Diablos Rojos,DRM,AGS,4,#0 YAN DJALO / #6 SANTIAGO SCALA / #7 JOSE CRUZ / #9 THOMAS DRECHSEL,97,1.62,-3,1,0,1,0,1,1,1,0,1,1,1,0,0,4,2,4,0,2,0,0,1,1,0,0,0,0
2026-07-23,Diablos Rojos,DRM,AGS,5,#0 YAN DJALO / #23 DEVON SCOTT / #24 MICHAEL CARRERA / #6 SANTIAGO SCALA / #7 JOSE CRUZ,97,1.62,-3,1,0,1,0,1,1,1,0,1,1,1,0,0,4,2,4,0,2,0,0,1,1,0,0,0,0
2026-07-23,Diablos Rojos,DRM,AGS,5,#0 YAN DJALO / #23 DEVON SCOTT / #6 SANTIAGO SCALA / #7 JOSE CRUZ / #9 THOMAS DRECHSEL,97,1.62,-3,1,0,1,0,1,1,1,0,1,1,1,0,0,4,2,4,0,2,0,0,1,1,0,0,0,0
2026-07-23,Diablos Rojos,DRM,AGS,5,#0 YAN DJALO / #24 MICHAEL CARRERA / #6 SANTIAGO SCALA / #7 JOSE CRUZ / #9 THOMAS DRECHSEL,97,1.62,-3,1,0,1,0,1,1,1,0,1,1,1,0,0,4,2,4,0,2,0,0,1,1,0,0,0,0
2026-07-23,Diablos Rojos,DRM,AGS,4,#10 BRUNO PEDRO / #24 MICHAEL CARRERA / #6 SANTIAGO SCALA / #7 JOSE CRUZ,124,2.07,0,4,2,5,0,1,0,0,2,2,2,1,0,0,4,1,4,1,3,1,1,1,1,1,0,0,0
2026-07-23,Diablos Rojos,DRM,AGS,4,#10 BRUNO PEDRO / #6 SANTIAGO SCALA / #7 JOSE CRUZ / #9 THOMAS DRECHSEL,124,2.07,0,4,2,5,0,1,0,0,2,2,2,1,0,0,4,1,4,1,3,1,1,1,1,1,0,0,0
2026-07-23,Diablos Rojos,DRM,AGS,5,#10 BRUNO PEDRO / #24 MICHAEL CARRERA / #6 SANTIAGO SCALA / #7 JOSE CRUZ / #9 THOMAS DRECHSEL,124,2.07,0,4,2,5,0,1,0,0,2,2,2,1,0,0,4,1,4,1,3,1,1,1,1,1,0,0,0
2026-07-23,Diablos Rojos,DRM,AGS,3,#24 MICHAEL CARRERA / #6 SANTIAGO SCALA / #66 GLENN COSEY,449,7.48,9,18,6,11,4,8,2,2,1,6,5,1,0,0,8,3,9,1,3,1,1,0,4,1,2,0,1
2026-07-23,Diablos Rojos,DRM,AGS,4,#10 BRUNO PEDRO / #24 MICHAEL CARRERA / #6 SANTIAGO SCALA / #66 GLENN COSEY,0,0.0,0,0,0,0,0,0,0,0,0,0,0,0,0,0,0,0,0,0,0,0,0,0,0,0,0,0,0
2026-07-23,Diablos Rojos,DRM,AGS,4,#24 MICHAEL CARRERA / #6 SANTIAGO SCALA / #66 GLENN COSEY / #7 JOSE CRUZ,117,1.95,-1,0,0,0,0,0,0,0,0,0,0,0,0,0,0,0,0,0,0,0,0,0,0,0,0,0,0
2026-07-23,Diablos Rojos,DRM,AGS,5,#10 BRUNO PEDRO / #24 MICHAEL CARRERA / #6 SANTIAGO SCALA / #66 GLENN COSEY / #7 JOSE CRUZ,0,0.0,0,0,0,0,0,0,0,0,0,0,0,0,0,0,0,0,0,0,0,0,0,0,0,0,0,0,0
2026-07-23,Diablos Rojos,DRM,AGS,4,#23 DEVON SCOTT / #24 MICHAEL CARRERA / #6 SANTIAGO SCALA / #66 GLENN COSEY,449,7.48,9,18,6,11,4,8,2,2,1,6,5,1,0,0,8,3,9,1,3,1,1,0,4,1,2,0,1
2026-07-23,Diablos Rojos,DRM,AGS,5,#23 DEVON SCOTT / #24 MICHAEL CARRERA / #6 SANTIAGO SCALA / #66 GLENN COSEY / #7 JOSE CRUZ,117,1.95,-1,0,0,0,0,0,0,0,0,0,0,0,0,0,0,0,0,0,0,0,0,0,0,0,0,0,0
2026-07-23,Diablos Rojos,DRM,AGS,4,#24 MICHAEL CARRERA / #6 SANTIAGO SCALA / #66 GLENN COSEY / #9 THOMAS DRECHSEL,332,5.53,10,18,6,11,4,8,2,2,1,6,5,1,0,0,8,3,9,1,3,1,1,0,4,1,2,0,1
2026-07-23,Diablos Rojos,DRM,AGS,5,#23 DEVON SCOTT / #24 MICHAEL CARRERA / #6 SANTIAGO SCALA / #66 GLENN COSEY / #9 THOMAS DRECHSEL,332,5.53,10,18,6,11,4,8,2,2,1,6,5,1,0,0,8,3,9,1,3,1,1,0,4,1,2,0,1
2026-07-23,Diablos Rojos,DRM,AGS,4,#0 YAN DJALO / #24 MICHAEL CARRERA / #6 SANTIAGO SCALA / #66 GLENN COSEY,332,5.53,10,3,1,1,1,1,0,0,0,0,1,0,0,0,0,0,0,0,0,0,0,0,0,0,0,0,0
2026-07-23,Diablos Rojos,DRM,AGS,5,#0 YAN DJALO / #23 DEVON SCOTT / #24 MICHAEL CARRERA / #6 SANTIAGO SCALA / #66 GLENN COSEY,332,5.53,10,3,1,1,1,1,0,0,0,0,1,0,0,0,0,0,0,0,0,0,0,0,0,0,0,0,0
2026-07-23,Diablos Rojos,DRM,AGS,5,#0 YAN DJALO / #24 MICHAEL CARRERA / #6 SANTIAGO SCALA / #66 GLENN COSEY / #9 THOMAS DRECHSEL,332,5.53,10,3,1,1,1,1,0,0,0,0,1,0,0,0,0,0,0,0,0,0,0,0,0,0,0,0,0
2026-07-23,Diablos Rojos,DRM,AGS,5,#0 YAN DJALO / #23 DEVON SCOTT / #66 GLENN COSEY / #7 JOSE CRUZ / #9 THOMAS DRECHSEL,23,0.38,-1,0,0,0,0,0,0,0,0,2,0,1,0,0,1,0,2,0,2,1,1,0,0,0,0,0,0
2026-07-23,Panteras,AGS,DRM,1,#15 MIGUEL SIMON,1161,19.35,6,35,12,26,6,13,5,7,5,15,7,9,2,3,29,11,37,2,22,5,6,12,10,6,5,3,1
2026-07-23,Panteras,AGS,DRM,1,#24 GABRIEL GIRON,1888,31.47,15,67,21,48,10,26,15,20,7,23,12,7,4,5,53,19,54,5,29,10,11,15,24,13,10,3,2
2026-07-23,Panteras,AGS,DRM,2,#15 MIGUEL SIMON / #24 GABRIEL GIRON,968,16.13,7,28,9,20,5,12,5,7,4,12,6,7,2,3,22,8,30,1,18,5,6,12,8,4,4,3,1
2026-07-23,Panteras,AGS,DRM,1,#1 AHMED HILL,979,16.32,0,24,8,18,4,7,4,6,0,13,4,7,2,6,28,9,26,4,15,6,7,5,11,7,6,2,1
2026-07-23,Panteras,AGS,DRM,2,#1 AHMED HILL / #15 MIGUEL SIMON,847,14.12,5,20,7,13,3,4,3,4,0,11,3,7,2,3,19,6,20,2,12,5,6,4,6,4,5,2,1
2026-07-23,Panteras,AGS,DRM,2,#1 AHMED HILL / #24 GABRIEL GIRON,727,12.12,4,17,5,11,3,5,4,6,0,9,3,5,2,5,17,5,18,1,9,6,7,5,7,4,5,2,1
2026-07-23,Panteras,AGS,DRM,3,#1 AHMED HILL / #15 MIGUEL SIMON / #24 GABRIEL GIRON,654,10.9,6,16,5,9,3,4,3,4,0,8,3,5,2,3,14,4,15,1,9,5,6,4,4,3,4,2,1
2026-07-23,Panteras,AGS,DRM,1,#21 MIKYLE MCINTOSH,1107,18.45,-5,36,13,33,4,15,6,7,4,10,5,4,3,1,41,15,24,6,13,5,5,2,17,12,6,1,2
2026-07-23,Panteras,AGS,DRM,2,#1 AHMED HILL / #21 MIKYLE MCINTOSH,427,7.12,-10,9,4,9,1,2,0,0,0,3,1,3,1,1,19,6,7,4,5,3,3,0,5,4,2,1,1
2026-07-23,Panteras,AGS,DRM,2,#15 MIGUEL SIMON / #21 MIKYLE MCINTOSH,430,7.17,-9,9,4,9,1,3,0,0,1,2,1,4,1,0,15,5,6,2,3,3,3,0,4,3,2,1,1
2026-07-23,Panteras,AGS,DRM,2,#21 MIKYLE MCINTOSH / #24 GABRIEL GIRON,931,15.52,-1,32,11,28,4,14,6,7,4,8,5,3,3,0,30,11,19,3,9,5,5,2,14,9,6,1,2
2026-07-23,Panteras,AGS,DRM,3,#1 AHMED HILL / #15 MIGUEL SIMON / #21 MIKYLE MCINTOSH,368,6.13,-7,9,4,7,1,1,0,0,0,2,1,3,1,0,13,4,5,2,3,3,3,0,3,2,2,1,1
2026-07-23,Panteras,AGS,DRM,3,#1 AHMED HILL / #21 MIKYLE MCINTOSH / #24 GABRIEL GIRON,251,4.18,-6,5,2,4,1,1,0,0,0,1,1,2,1,0,8,2,2,1,1,3,3,0,2,1,2,1,1
2026-07-23,Panteras,AGS,DRM,3,#15 MIGUEL SIMON / #21 MIKYLE MCINTOSH / #24 GABRIEL GIRON,313,5.22,-8,5,2,6,1,3,0,0,1,1,1,3,1,0,10,3,3,1,1,3,3,0,3,2,2,1,1
2026-07-23,Panteras,AGS,DRM,4,#1 AHMED HILL / #15 MIGUEL SIMON / #21 MIKYLE MCINTOSH / #24 GABRIEL GIRON,251,4.18,-6,5,2,4,1,1,0,0,0,1,1,2,1,0,8,2,2,1,1,3,3,0,2,1,2,1,1
2026-07-23,Panteras,AGS,DRM,1,#0 JARON MARTIN,1748,29.13,9,55,18,44,8,22,11,14,7,21,9,7,1,5,43,18,52,3,27,4,4,14,21,12,7,1,1
2026-07-23,Panteras,AGS,DRM,2,#0 JARON MARTIN / #1 AHMED HILL,920,15.33,3,18,6,13,2,4,4,6,0,11,3,6,1,5,18,7,23,2,12,2,2,5,8,5,5,1,0
2026-07-23,Panteras,AGS,DRM,2,#0 JARON MARTIN / #15 MIGUEL SIMON,1161,19.35,6,32,11,23,5,11,5,7,4,14,7,7,1,3,23,10,35,2,21,1,1,11,9,5,4,1,0
2026-07-23,Panteras,AGS,DRM,2,#0 JARON MARTIN / #21 MIKYLE MCINTOSH,944,15.73,-4,28,10,26,3,12,5,5,4,7,3,3,0,0,29,12,20,3,9,2,2,2,12,9,3,0,1
2026-07-23,Panteras,AGS,DRM,2,#0 JARON MARTIN / #24 GABRIEL GIRON,1555,25.92,10,48,15,38,7,21,11,14,6,18,8,5,1,5,38,16,46,2,23,4,4,14,19,11,6,1,1
2026-07-23,Panteras,AGS,DRM,3,#0 JARON MARTIN / #1 AHMED HILL / #15 MIGUEL SIMON,847,14.12,5,17,6,11,2,3,3,4,0,10,3,6,1,3,15,6,20,2,12,1,1,4,5,4,4,1,0
2026-07-23,Panteras,AGS,DRM,3,#0 JARON MARTIN / #1 AHMED HILL / #21 MIKYLE MCINTOSH,368,6.13,-7,6,3,5,0,0,0,0,0,1,1,2,0,0,10,4,5,2,3,0,0,0,2,2,1,0,0
2026-07-23,Panteras,AGS,DRM,3,#0 JARON MARTIN / #1 AHMED HILL / #24 GABRIEL GIRON,727,12.12,4,14,4,9,2,4,4,6,0,8,3,4,1,5,13,5,18,1,9,2,2,5,6,4,4,1,0
2026-07-23,Panteras,AGS,DRM,3,#0 JARON MARTIN / #15 MIGUEL SIMON / #21 MIKYLE MCINTOSH,430,7.17,-9,6,3,7,0,2,0,0,1,1,1,3,0,0,12,5,6,2,3,0,0,0,3,3,1,0,0
2026-07-23,Panteras,AGS,DRM,3,#0 JARON MARTIN / #15 MIGUEL SIMON / #24 GABRIEL GIRON,968,16.13,7,25,8,17,4,10,5,7,3,11,6,5,1,3,18,8,29,1,17,1,1,11,7,4,3,1,0
2026-07-23,Panteras,AGS,DRM,3,#0 JARON MARTIN / #21 MIKYLE MCINTOSH / #24 GABRIEL GIRON,827,13.78,-3,24,8,23,3,12,5,5,4,6,3,2,0,0,24,10,17,2,7,2,2,2,11,8,3,0,1
2026-07-23,Panteras,AGS,DRM,4,#0 JARON MARTIN / #1 AHMED HILL / #15 MIGUEL SIMON / #21 MIKYLE MCINTOSH,368,6.13,-7,6,3,5,0,0,0,0,0,1,1,2,0,0,10,4,5,2,3,0,0,0,2,2,1,0,0
2026-07-23,Panteras,AGS,DRM,4,#0 JARON MARTIN / #1 AHMED HILL / #15 MIGUEL SIMON / #24 GABRIEL GIRON,654,10.9,6,13,4,7,2,3,3,4,0,7,3,4,1,3,10,4,15,1,9,1,1,4,3,3,3,1,0
2026-07-23,Panteras,AGS,DRM,4,#0 JARON MARTIN / #1 AHMED HILL / #21 MIKYLE MCINTOSH / #24 GABRIEL GIRON,251,4.18,-6,2,1,2,0,0,0,0,0,0,1,1,0,0,5,2,2,1,1,0,0,0,1,1,1,0,0
2026-07-23,Panteras,AGS,DRM,4,#0 JARON MARTIN / #15 MIGUEL SIMON / #21 MIKYLE MCINTOSH / #24 GABRIEL GIRON,313,5.22,-8,2,1,4,0,2,0,0,1,0,1,2,0,0,7,3,3,1,1,0,0,0,2,2,1,0,0
2026-07-23,Panteras,AGS,DRM,5,#0 JARON MARTIN / #1 AHMED HILL / #15 MIGUEL SIMON / #21 MIKYLE MCINTOSH / #24 GABRIEL GIRON,251,4.18,-6,2,1,2,0,0,0,0,0,0,1,1,0,0,5,2,2,1,1,0,0,0,1,1,1,0,0
2026-07-23,Panteras,AGS,DRM,1,#10 JONATAN MACHADO,1362,22.7,12,54,15,36,8,20,16,19,5,19,9,5,3,5,42,15,45,4,25,8,8,12,18,8,7,2,0
2026-07-23,Panteras,AGS,DRM,2,#0 JARON MARTIN / #10 JONATAN MACHADO,990,16.5,10,33,9,25,5,14,10,13,3,16,6,4,1,5,23,9,36,1,20,4,4,12,15,6,5,1,0
2026-07-23,Panteras,AGS,DRM,2,#1 AHMED HILL / #10 JONATAN MACHADO,552,9.2,10,12,3,8,2,4,4,6,0,10,2,4,1,5,8,3,18,0,9,2,2,5,6,3,4,1,0
2026-07-23,Panteras,AGS,DRM,2,#10 JONATAN MACHADO / #15 MIGUEL SIMON,731,12.18,15,26,8,15,5,9,5,7,2,13,6,4,1,3,11,5,29,0,18,1,1,11,6,2,3,1,0
2026-07-23,Panteras,AGS,DRM,2,#10 JONATAN MACHADO / #24 GABRIEL GIRON,1026,17.1,12,37,10,26,5,14,12,15,3,16,7,3,1,5,28,10,36,2,20,6,6,12,15,7,4,1,0
2026-07-23,Panteras,AGS,DRM,3,#0 JARON MARTIN / #1 AHMED HILL / #10 JONATAN MACHADO,552,9.2,10,12,3,8,2,4,4,6,0,10,2,4,1,5,8,3,18,0,9,2,2,5,6,3,4,1,0
2026-07-23,Panteras,AGS,DRM,3,#0 JARON MARTIN / #10 JONATAN MACHADO / #15 MIGUEL SIMON,731,12.18,15,26,8,15,5,9,5,7,2,13,6,4,1,3,11,5,29,0,18,1,1,11,6,2,3,1,0
2026-07-23,Panteras,AGS,DRM,3,#0 JARON MARTIN / #10 JONATAN MACHADO / #24 GABRIEL GIRON,914,15.23,10,30,8,23,4,13,10,13,3,14,5,3,1,5,23,9,33,1,18,4,4,12,14,6,4,1,0
2026-07-23,Panteras,AGS,DRM,3,#1 AHMED HILL / #10 JONATAN MACHADO / #15 MIGUEL SIMON,479,7.98,12,11,3,6,2,3,3,4,0,9,2,4,1,3,5,2,15,0,9,1,1,4,3,2,3,1,0
2026-07-23,Panteras,AGS,DRM,3,#1 AHMED HILL / #10 JONATAN MACHADO / #24 GABRIEL GIRON,476,7.93,10,12,3,7,2,4,4,6,0,8,2,3,1,5,8,3,16,0,8,2,2,5,5,3,3,1,0
2026-07-23,Panteras,AGS,DRM,3,#10 JONATAN MACHADO / #15 MIGUEL SIMON / #24 GABRIEL GIRON,655,10.92,15,23,7,13,4,8,5,7,2,11,5,3,1,3,11,5,26,0,16,1,1,11,5,2,2,1,0
2026-07-23,Panteras,AGS,DRM,4,#0 JARON MARTIN / #1 AHMED HILL / #10 JONATAN MACHADO / #15 MIGUEL SIMON,479,7.98,12,11,3,6,2,3,3,4,0,9,2,4,1,3,5,2,15,0,9,1,1,4,3,2,3,1,0
2026-07-23,Panteras,AGS,DRM,4,#0 JARON MARTIN / #1 AHMED HILL / #10 JONATAN MACHADO / #24 GABRIEL GIRON,476,7.93,10,12,3,7,2,4,4,6,0,8,2,3,1,5,8,3,16,0,8,2,2,5,5,3,3,1,0
2026-07-23,Panteras,AGS,DRM,4,#0 JARON MARTIN / #10 JONATAN MACHADO / #15 MIGUEL SIMON / #24 GABRIEL GIRON,655,10.92,15,23,7,13,4,8,5,7,2,11,5,3,1,3,11,5,26,0,16,1,1,11,5,2,2,1,0
2026-07-23,Panteras,AGS,DRM,4,#1 AHMED HILL / #10 JONATAN MACHADO / #15 MIGUEL SIMON / #24 GABRIEL GIRON,403,6.72,12,11,3,5,2,3,3,4,0,7,2,3,1,3,5,2,13,0,8,1,1,4,2,2,2,1,0
2026-07-23,Panteras,AGS,DRM,5,#0 JARON MARTIN / #1 AHMED HILL / #10 JONATAN MACHADO / #15 MIGUEL SIMON / #24 GABRIEL GIRON,403,6.72,12,11,3,5,2,3,3,4,0,7,2,3,1,3,5,2,13,0,8,1,1,4,2,2,2,1,0
2026-07-23,Panteras,AGS,DRM,1,#4 TYLER CHEESE,1470,24.5,8,59,19,44,8,24,13,15,8,14,10,2,4,1,54,20,40,8,23,6,6,8,19,12,6,1,1
2026-07-23,Panteras,AGS,DRM,2,#0 JARON MARTIN / #4 TYLER CHEESE,818,13.63,6,30,10,27,4,15,6,7,6,8,4,1,0,0,23,10,25,1,12,2,2,8,12,7,2,0,1
2026-07-23,Panteras,AGS,DRM,2,#10 JONATAN MACHADO / #4 TYLER CHEESE,800,13.33,2,32,9,24,3,12,11,12,5,7,5,1,2,0,32,11,23,4,13,6,6,6,11,5,3,1,0
2026-07-23,Panteras,AGS,DRM,2,#15 MIGUEL SIMON / #4 TYLER CHEESE,314,5.23,1,8,3,8,1,5,1,2,3,2,2,1,0,0,6,3,11,0,6,0,0,6,3,1,0,0,0
2026-07-23,Panteras,AGS,DRM,2,#24 GABRIEL GIRON / #4 TYLER CHEESE,1151,19.18,11,45,15,34,6,18,9,11,6,12,8,1,2,0,34,13,31,4,17,4,4,8,15,9,4,0,1
2026-07-23,Panteras,AGS,DRM,3,#0 JARON MARTIN / #10 JONATAN MACHADO / #4 TYLER CHEESE,428,7.13,0,14,4,14,1,7,5,6,3,4,2,0,0,0,13,5,14,1,8,2,2,6,8,3,1,0,0
2026-07-23,Panteras,AGS,DRM,3,#0 JARON MARTIN / #15 MIGUEL SIMON / #4 TYLER CHEESE,314,5.23,1,8,3,8,1,5,1,2,3,2,2,1,0,0,6,3,11,0,6,0,0,6,3,1,0,0,0
2026-07-23,Panteras,AGS,DRM,3,#0 JARON MARTIN / #24 GABRIEL GIRON / #4 TYLER CHEESE,818,13.63,6,30,10,27,4,15,6,7,6,8,4,1,0,0,23,10,25,1,12,2,2,8,12,7,2,0,1
2026-07-23,Panteras,AGS,DRM,3,#10 JONATAN MACHADO / #15 MIGUEL SIMON / #4 TYLER CHEESE,252,4.2,3,8,3,6,1,3,1,2,2,2,2,0,0,0,4,2,10,0,6,0,0,6,2,0,0,0,0
2026-07-23,Panteras,AGS,DRM,3,#10 JONATAN MACHADO / #24 GABRIEL GIRON / #4 TYLER CHEESE,540,9.0,2,21,6,17,2,8,7,8,3,6,4,0,0,0,18,6,17,2,10,4,4,6,9,4,1,0,0
2026-07-23,Panteras,AGS,DRM,3,#15 MIGUEL SIMON / #24 GABRIEL GIRON / #4 TYLER CHEESE,314,5.23,1,8,3,8,1,5,1,2,3,2,2,1,0,0,6,3,11,0,6,0,0,6,3,1,0,0,0
2026-07-23,Panteras,AGS,DRM,4,#0 JARON MARTIN / #10 JONATAN MACHADO / #15 MIGUEL SIMON / #4 TYLER CHEESE,252,4.2,3,8,3,6,1,3,1,2,2,2,2,0,0,0,4,2,10,0,6,0,0,6,2,0,0,0,0
2026-07-23,Panteras,AGS,DRM,4,#0 JARON MARTIN / #10 JONATAN MACHADO / #24 GABRIEL GIRON / #4 TYLER CHEESE,428,7.13,0,14,4,14,1,7,5,6,3,4,2,0,0,0,13,5,14,1,8,2,2,6,8,3,1,0,0
2026-07-23,Panteras,AGS,DRM,4,#0 JARON MARTIN / #15 MIGUEL SIMON / #24 GABRIEL GIRON / #4 TYLER CHEESE,314,5.23,1,8,3,8,1,5,1,2,3,2,2,1,0,0,6,3,11,0,6,0,0,6,3,1,0,0,0
2026-07-23,Panteras,AGS,DRM,4,#10 JONATAN MACHADO / #15 MIGUEL SIMON / #24 GABRIEL GIRON / #4 TYLER CHEESE,252,4.2,3,8,3,6,1,3,1,2,2,2,2,0,0,0,4,2,10,0,6,0,0,6,2,0,0,0,0
2026-07-23,Panteras,AGS,DRM,5,#0 JARON MARTIN / #10 JONATAN MACHADO / #15 MIGUEL SIMON / #24 GABRIEL GIRON / #4 TYLER CHEESE,252,4.2,3,8,3,6,1,3,1,2,2,2,2,0,0,0,4,2,10,0,6,0,0,6,2,0,0,0,0
2026-07-23,Panteras,AGS,DRM,1,#5 DAIVIEN WILLIAMSON,900,15.0,0,38,12,25,5,12,9,11,3,9,6,3,4,1,38,13,23,8,15,4,4,1,12,6,6,1,0
2026-07-23,Panteras,AGS,DRM,2,#0 JARON MARTIN / #5 DAIVIEN WILLIAMSON,248,4.13,-2,5,2,5,0,1,1,1,0,3,0,2,0,0,7,3,7,1,4,0,0,1,3,1,1,0,0
2026-07-23,Panteras,AGS,DRM,2,#10 JONATAN MACHADO / #5 DAIVIEN WILLIAMSON,503,8.38,1,22,6,13,3,7,7,7,2,5,3,2,2,0,21,7,13,3,7,4,4,1,5,2,3,1,0
2026-07-23,Panteras,AGS,DRM,2,#15 MIGUEL SIMON / #5 DAIVIEN WILLIAMSON,238,3.97,-2,5,2,5,0,1,1,1,0,3,0,2,0,0,7,3,7,1,4,0,0,1,3,1,1,0,0
2026-07-23,Panteras,AGS,DRM,2,#4 TYLER CHEESE / #5 DAIVIEN WILLIAMSON,697,11.62,1,29,9,17,4,9,7,8,2,6,6,1,4,1,31,10,15,7,11,4,4,0,7,5,4,1,0
2026-07-23,Panteras,AGS,DRM,3,#0 JARON MARTIN / #10 JONATAN MACHADO / #5 DAIVIEN WILLIAMSON,131,2.18,-1,1,0,2,0,1,1,1,0,2,0,1,0,0,2,1,4,0,2,0,0,1,2,0,1,0,0
2026-07-23,Panteras,AGS,DRM,3,#0 JARON MARTIN / #15 MIGUEL SIMON / #5 DAIVIEN WILLIAMSON,238,3.97,-2,5,2,5,0,1,1,1,0,3,0,2,0,0,7,3,7,1,4,0,0,1,3,1,1,0,0
2026-07-23,Panteras,AGS,DRM,3,#0 JARON MARTIN / #4 TYLER CHEESE / #5 DAIVIEN WILLIAMSON,45,0.75,-1,0,0,0,0,0,0,0,0,0,0,0,0,0,0,0,0,0,0,0,0,0,0,0,0,0,0
2026-07-23,Panteras,AGS,DRM,3,#10 JONATAN MACHADO / #15 MIGUEL SIMON / #5 DAIVIEN WILLIAMSON,121,2.02,-1,1,0,2,0,1,1,1,0,2,0,1,0,0,2,1,4,0,2,0,0,1,2,0,1,0,0
2026-07-23,Panteras,AGS,DRM,3,#10 JONATAN MACHADO / #4 TYLER CHEESE / #5 DAIVIEN WILLIAMSON,417,6.95,1,18,5,10,2,5,6,6,2,3,3,1,2,0,19,6,9,3,5,4,4,0,3,2,2,1,0
2026-07-23,Panteras,AGS,DRM,3,#15 MIGUEL SIMON / #4 TYLER CHEESE / #5 DAIVIEN WILLIAMSON,45,0.75,-1,0,0,0,0,0,0,0,0,0,0,0,0,0,0,0,0,0,0,0,0,0,0,0,0,0,0
2026-07-23,Panteras,AGS,DRM,4,#0 JARON MARTIN / #10 JONATAN MACHADO / #15 MIGUEL SIMON / #5 DAIVIEN WILLIAMSON,121,2.02,-1,1,0,2,0,1,1,1,0,2,0,1,0,0,2,1,4,0,2,0,0,1,2,0,1,0,0
2026-07-23,Panteras,AGS,DRM,4,#0 JARON MARTIN / #10 JONATAN MACHADO / #4 TYLER CHEESE / #5 DAIVIEN WILLIAMSON,45,0.75,-1,0,0,0,0,0,0,0,0,0,0,0,0,0,0,0,0,0,0,0,0,0,0,0,0,0,0
2026-07-23,Panteras,AGS,DRM,4,#0 JARON MARTIN / #15 MIGUEL SIMON / #4 TYLER CHEESE / #5 DAIVIEN WILLIAMSON,45,0.75,-1,0,0,0,0,0,0,0,0,0,0,0,0,0,0,0,0,0,0,0,0,0,0,0,0,0,0
2026-07-23,Panteras,AGS,DRM,4,#10 JONATAN MACHADO / #15 MIGUEL SIMON / #4 TYLER CHEESE / #5 DAIVIEN WILLIAMSON,45,0.75,-1,0,0,0,0,0,0,0,0,0,0,0,0,0,0,0,0,0,0,0,0,0,0,0,0,0,0
2026-07-23,Panteras,AGS,DRM,5,#0 JARON MARTIN / #10 JONATAN MACHADO / #15 MIGUEL SIMON / #4 TYLER CHEESE / #5 DAIVIEN WILLIAMSON,45,0.75,-1,0,0,0,0,0,0,0,0,0,0,0,0,0,0,0,0,0,0,0,0,0,0,0,0,0,0
2026-07-23,Panteras,AGS,DRM,1,#3 JALIN BILLINGSLEY,582,9.7,1,25,8,15,4,8,5,7,1,5,4,1,3,1,24,9,16,4,8,2,2,2,8,5,4,1,1
2026-07-23,Panteras,AGS,DRM,2,#10 JONATAN MACHADO / #3 JALIN BILLINGSLEY,169,2.82,0,9,3,4,1,2,2,2,0,1,0,1,2,0,9,3,4,1,2,2,2,0,1,0,2,1,0
2026-07-23,Panteras,AGS,DRM,2,#15 MIGUEL SIMON / #3 JALIN BILLINGSLEY,0,0.0,0,0,0,0,0,0,0,0,0,0,0,0,0,0,0,0,0,0,0,0,0,0,0,0,0,0,0
2026-07-23,Panteras,AGS,DRM,2,#3 JALIN BILLINGSLEY / #4 TYLER CHEESE,582,9.7,1,24,8,15,4,8,4,5,1,5,4,1,3,1,24,9,15,4,8,2,2,2,7,5,4,1,1
2026-07-23,Panteras,AGS,DRM,2,#3 JALIN BILLINGSLEY / #5 DAIVIEN WILLIAMSON,403,6.72,3,21,7,10,3,5,4,6,0,4,3,1,3,1,18,6,10,4,7,2,2,0,5,2,3,1,0
2026-07-23,Panteras,AGS,DRM,3,#10 JONATAN MACHADO / #15 MIGUEL SIMON / #3 JALIN BILLINGSLEY,0,0.0,0,0,0,0,0,0,0,0,0,0,0,0,0,0,0,0,0,0,0,0,0,0,0,0,0,0,0
2026-07-23,Panteras,AGS,DRM,3,#10 JONATAN MACHADO / #3 JALIN BILLINGSLEY / #4 TYLER CHEESE,169,2.82,0,9,3,4,1,2,2,2,0,1,0,1,2,0,9,3,4,1,2,2,2,0,1,0,2,1,0
2026-07-23,Panteras,AGS,DRM,3,#10 JONATAN MACHADO / #3 JALIN BILLINGSLEY / #5 DAIVIEN WILLIAMSON,169,2.82,0,9,3,4,1,2,2,2,0,1,0,1,2,0,9,3,4,1,2,2,2,0,1,0,2,1,0
2026-07-23,Panteras,AGS,DRM,3,#15 MIGUEL SIMON / #3 JALIN BILLINGSLEY / #4 TYLER CHEESE,0,0.0,0,0,0,0,0,0,0,0,0,0,0,0,0,0,0,0,0,0,0,0,0,0,0,0,0,0,0
2026-07-23,Panteras,AGS,DRM,3,#15 MIGUEL SIMON / #3 JALIN BILLINGSLEY / #5 DAIVIEN WILLIAMSON,0,0.0,0,0,0,0,0,0,0,0,0,0,0,0,0,0,0,0,0,0,0,0,0,0,0,0,0,0,0
2026-07-23,Panteras,AGS,DRM,3,#3 JALIN BILLINGSLEY / #4 TYLER CHEESE / #5 DAIVIEN WILLIAMSON,403,6.72,3,20,7,10,3,5,3,4,0,4,3,1,3,1,18,6,9,4,7,2,2,0,4,2,3,1,0
2026-07-23,Panteras,AGS,DRM,4,#10 JONATAN MACHADO / #15 MIGUEL SIMON / #3 JALIN BILLINGSLEY / #4 TYLER CHEESE,0,0.0,0,0,0,0,0,0,0,0,0,0,0,0,0,0,0,0,0,0,0,0,0,0,0,0,0,0,0
2026-07-23,Panteras,AGS,DRM,4,#10 JONATAN MACHADO / #15 MIGUEL SIMON / #3 JALIN BILLINGSLEY / #5 DAIVIEN WILLIAMSON,0,0.0,0,0,0,0,0,0,0,0,0,0,0,0,0,0,0,0,0,0,0,0,0,0,0,0,0,0,0
2026-07-23,Panteras,AGS,DRM,4,#10 JONATAN MACHADO / #3 JALIN BILLINGSLEY / #4 TYLER CHEESE / #5 DAIVIEN WILLIAMSON,169,2.82,0,9,3,4,1,2,2,2,0,1,0,1,2,0,9,3,4,1,2,2,2,0,1,0,2,1,0
2026-07-23,Panteras,AGS,DRM,4,#15 MIGUEL SIMON / #3 JALIN BILLINGSLEY / #4 TYLER CHEESE / #5 DAIVIEN WILLIAMSON,0,0.0,0,0,0,0,0,0,0,0,0,0,0,0,0,0,0,0,0,0,0,0,0,0,0,0,0,0,0
2026-07-23,Panteras,AGS,DRM,5,#10 JONATAN MACHADO / #15 MIGUEL SIMON / #3 JALIN BILLINGSLEY / #4 TYLER CHEESE / #5 DAIVIEN WILLIAMSON,0,0.0,0,0,0,0,0,0,0,0,0,0,0,0,0,0,0,0,0,0,0,0,0,0,0,0,0,0,0
2026-07-23,Panteras,AGS,DRM,1,#2 SHAUN WILLETT,260,4.33,0,14,4,8,2,5,4,4,2,1,1,1,2,0,14,5,6,2,3,2,2,0,2,1,2,1,0
2026-07-23,Panteras,AGS,DRM,2,#10 JONATAN MACHADO / #2 SHAUN WILLETT,260,4.33,0,14,4,8,2,5,4,4,2,1,1,1,2,0,14,5,6,2,3,2,2,0,2,1,2,1,0
2026-07-23,Panteras,AGS,DRM,2,#2 SHAUN WILLETT / #3 JALIN BILLINGSLEY,169,2.82,0,9,3,4,1,2,2,2,0,1,0,1,2,0,9,3,4,1,2,2,2,0,1,0,2,1,0
2026-07-23,Panteras,AGS,DRM,2,#2 SHAUN WILLETT / #4 TYLER CHEESE,260,4.33,0,11,3,7,1,4,4,4,2,1,1,1,2,0,14,5,6,2,3,2,2,0,2,1,2,1,0
2026-07-23,Panteras,AGS,DRM,2,#2 SHAUN WILLETT / #5 DAIVIEN WILLIAMSON,260,4.33,0,14,4,8,2,5,4,4,2,1,1,1,2,0,14,5,6,2,3,2,2,0,2,1,2,1,0
2026-07-23,Panteras,AGS,DRM,3,#10 JONATAN MACHADO / #2 SHAUN WILLETT / #3 JALIN BILLINGSLEY,169,2.82,0,9,3,4,1,2,2,2,0,1,0,1,2,0,9,3,4,1,2,2,2,0,1,0,2,1,0
2026-07-23,Panteras,AGS,DRM,3,#10 JONATAN MACHADO / #2 SHAUN WILLETT / #4 TYLER CHEESE,260,4.33,0,11,3,7,1,4,4,4,2,1,1,1,2,0,14,5,6,2,3,2,2,0,2,1,2,1,0
2026-07-23,Panteras,AGS,DRM,3,#10 JONATAN MACHADO / #2 SHAUN WILLETT / #5 DAIVIEN WILLIAMSON,260,4.33,0,14,4,8,2,5,4,4,2,1,1,1,2,0,14,5,6,2,3,2,2,0,2,1,2,1,0
2026-07-23,Panteras,AGS,DRM,3,#2 SHAUN WILLETT / #3 JALIN BILLINGSLEY / #4 TYLER CHEESE,169,2.82,0,9,3,4,1,2,2,2,0,1,0,1,2,0,9,3,4,1,2,2,2,0,1,0,2,1,0
2026-07-23,Panteras,AGS,DRM,3,#2 SHAUN WILLETT / #3 JALIN BILLINGSLEY / #5 DAIVIEN WILLIAMSON,169,2.82,0,9,3,4,1,2,2,2,0,1,0,1,2,0,9,3,4,1,2,2,2,0,1,0,2,1,0
2026-07-23,Panteras,AGS,DRM,3,#2 SHAUN WILLETT / #4 TYLER CHEESE / #5 DAIVIEN WILLIAMSON,260,4.33,0,11,3,7,1,4,4,4,2,1,1,1,2,0,14,5,6,2,3,2,2,0,2,1,2,1,0
2026-07-23,Panteras,AGS,DRM,4,#10 JONATAN MACHADO / #2 SHAUN WILLETT / #3 JALIN BILLINGSLEY / #4 TYLER CHEESE,169,2.82,0,9,3,4,1,2,2,2,0,1,0,1,2,0,9,3,4,1,2,2,2,0,1,0,2,1,0
2026-07-23,Panteras,AGS,DRM,4,#10 JONATAN MACHADO / #2 SHAUN WILLETT / #3 JALIN BILLINGSLEY / #5 DAIVIEN WILLIAMSON,169,2.82,0,9,3,4,1,2,2,2,0,1,0,1,2,0,9,3,4,1,2,2,2,0,1,0,2,1,0
2026-07-23,Panteras,AGS,DRM,4,#10 JONATAN MACHADO / #2 SHAUN WILLETT / #4 TYLER CHEESE / #5 DAIVIEN WILLIAMSON,260,4.33,0,11,3,7,1,4,4,4,2,1,1,1,2,0,14,5,6,2,3,2,2,0,2,1,2,1,0
2026-07-23,Panteras,AGS,DRM,4,#2 SHAUN WILLETT / #3 JALIN BILLINGSLEY / #4 TYLER CHEESE / #5 DAIVIEN WILLIAMSON,169,2.82,0,9,3,4,1,2,2,2,0,1,0,1,2,0,9,3,4,1,2,2,2,0,1,0,2,1,0
2026-07-23,Panteras,AGS,DRM,5,#10 JONATAN MACHADO / #2 SHAUN WILLETT / #3 JALIN BILLINGSLEY / #4 TYLER CHEESE / #5 DAIVIEN WILLIAMSON,169,2.82,0,9,3,4,1,2,2,2,0,1,0,1,2,0,9,3,4,1,2,2,2,0,1,0,2,1,0
2026-07-23,Panteras,AGS,DRM,1,#7 JORGE DE LA SERNA,403,6.72,7,20,7,11,3,6,3,4,1,4,3,0,1,2,13,5,10,2,5,1,1,1,4,3,2,0,0
2026-07-23,Panteras,AGS,DRM,2,#10 JONATAN MACHADO / #7 JORGE DE LA SERNA,208,3.47,0,8,2,4,1,2,3,4,0,1,2,0,0,2,8,3,5,1,1,1,1,1,3,2,1,0,0
2026-07-23,Panteras,AGS,DRM,2,#2 SHAUN WILLETT / #7 JORGE DE LA SERNA,23,0.38,0,2,0,0,0,0,2,2,0,0,0,0,0,0,2,1,1,0,0,0,0,0,0,0,0,0,0
2026-07-23,Panteras,AGS,DRM,2,#4 TYLER CHEESE / #7 JORGE DE LA SERNA,330,5.5,9,19,7,9,3,5,2,2,1,3,3,0,1,0,10,4,7,2,5,0,0,0,1,2,1,0,0
2026-07-23,Panteras,AGS,DRM,2,#5 DAIVIEN WILLIAMSON / #7 JORGE DE LA SERNA,181,3.02,-1,7,2,3,1,2,2,2,0,0,2,0,1,0,8,3,3,2,2,0,0,0,1,2,1,0,0
2026-07-23,Panteras,AGS,DRM,3,#10 JONATAN MACHADO / #2 SHAUN WILLETT / #7 JORGE DE LA SERNA,23,0.38,0,2,0,0,0,0,2,2,0,0,0,0,0,0,2,1,1,0,0,0,0,0,0,0,0,0,0
2026-07-23,Panteras,AGS,DRM,3,#10 JONATAN MACHADO / #4 TYLER CHEESE / #7 JORGE DE LA SERNA,135,2.25,2,7,2,2,1,1,2,2,0,0,2,0,0,0,5,2,2,1,1,0,0,0,0,1,0,0,0
2026-07-23,Panteras,AGS,DRM,3,#10 JONATAN MACHADO / #5 DAIVIEN WILLIAMSON / #7 JORGE DE LA SERNA,135,2.25,2,7,2,2,1,1,2,2,0,0,2,0,0,0,5,2,2,1,1,0,0,0,0,1,0,0,0
2026-07-23,Panteras,AGS,DRM,3,#2 SHAUN WILLETT / #4 TYLER CHEESE / #7 JORGE DE LA SERNA,23,0.38,0,2,0,0,0,0,2,2,0,0,0,0,0,0,2,1,1,0,0,0,0,0,0,0,0,0,0
2026-07-23,Panteras,AGS,DRM,3,#2 SHAUN WILLETT / #5 DAIVIEN WILLIAMSON / #7 JORGE DE LA SERNA,23,0.38,0,2,0,0,0,0,2,2,0,0,0,0,0,0,2,1,1,0,0,0,0,0,0,0,0,0,0
2026-07-23,Panteras,AGS,DRM,3,#4 TYLER CHEESE / #5 DAIVIEN WILLIAMSON / #7 JORGE DE LA SERNA,181,3.02,-1,7,2,3,1,2,2,2,0,0,2,0,1,0,8,3,3,2,2,0,0,0,1,2,1,0,0
2026-07-23,Panteras,AGS,DRM,4,#10 JONATAN MACHADO / #2 SHAUN WILLETT / #4 TYLER CHEESE / #7 JORGE DE LA SERNA,23,0.38,0,2,0,0,0,0,2,2,0,0,0,0,0,0,2,1,1,0,0,0,0,0,0,0,0,0,0
2026-07-23,Panteras,AGS,DRM,4,#10 JONATAN MACHADO / #2 SHAUN WILLETT / #5 DAIVIEN WILLIAMSON / #7 JORGE DE LA SERNA,23,0.38,0,2,0,0,0,0,2,2,0,0,0,0,0,0,2,1,1,0,0,0,0,0,0,0,0,0,0
2026-07-23,Panteras,AGS,DRM,4,#10 JONATAN MACHADO / #4 TYLER CHEESE / #5 DAIVIEN WILLIAMSON / #7 JORGE DE LA SERNA,135,2.25,2,7,2,2,1,1,2,2,0,0,2,0,0,0,5,2,2,1,1,0,0,0,0,1,0,0,0
2026-07-23,Panteras,AGS,DRM,4,#2 SHAUN WILLETT / #4 TYLER CHEESE / #5 DAIVIEN WILLIAMSON / #7 JORGE DE LA SERNA,23,0.38,0,2,0,0,0,0,2,2,0,0,0,0,0,0,2,1,1,0,0,0,0,0,0,0,0,0,0
2026-07-23,Panteras,AGS,DRM,5,#10 JONATAN MACHADO / #2 SHAUN WILLETT / #4 TYLER CHEESE / #5 DAIVIEN WILLIAMSON / #7 JORGE DE LA SERNA,23,0.38,0,2,0,0,0,0,2,2,0,0,0,0,0,0,2,1,1,0,0,0,0,0,0,0,0,0,0
2026-07-23,Panteras,AGS,DRM,2,#24 GABRIEL GIRON / #5 DAIVIEN WILLIAMSON,388,6.47,4,17,5,8,2,4,5,7,0,4,4,0,2,0,13,4,9,3,6,2,2,1,5,2,3,0,0
2026-07-23,Panteras,AGS,DRM,3,#10 JONATAN MACHADO / #24 GABRIEL GIRON / #5 DAIVIEN WILLIAMSON,167,2.78,1,8,2,4,1,2,3,3,0,2,2,0,0,0,7,2,5,1,3,2,2,1,2,1,0,0,0
2026-07-23,Panteras,AGS,DRM,3,#24 GABRIEL GIRON / #4 TYLER CHEESE / #5 DAIVIEN WILLIAMSON,378,6.3,4,15,5,7,2,3,3,4,0,4,4,0,2,0,11,3,6,3,5,2,2,0,3,2,2,0,0
2026-07-23,Panteras,AGS,DRM,4,#10 JONATAN MACHADO / #24 GABRIEL GIRON / #4 TYLER CHEESE / #5 DAIVIEN WILLIAMSON,157,2.62,1,7,2,3,1,1,2,2,0,2,2,0,0,0,5,1,3,1,2,2,2,0,1,1,0,0,0
2026-07-23,Panteras,AGS,DRM,2,#24 GABRIEL GIRON / #7 JORGE DE LA SERNA,380,6.33,7,18,7,11,3,6,1,2,1,4,3,0,1,2,11,4,9,2,5,1,1,1,4,3,2,0,0
2026-07-23,Panteras,AGS,DRM,3,#10 JONATAN MACHADO / #24 GABRIEL GIRON / #7 JORGE DE LA SERNA,185,3.08,0,6,2,4,1,2,1,2,0,1,2,0,0,2,6,2,4,1,1,1,1,1,3,2,1,0,0
2026-07-23,Panteras,AGS,DRM,3,#24 GABRIEL GIRON / #4 TYLER CHEESE / #7 JORGE DE LA SERNA,307,5.12,9,17,7,9,3,5,0,0,1,3,3,0,1,0,8,3,6,2,5,0,0,0,1,2,1,0,0
2026-07-23,Panteras,AGS,DRM,3,#24 GABRIEL GIRON / #5 DAIVIEN WILLIAMSON / #7 JORGE DE LA SERNA,158,2.63,-1,5,2,3,1,2,0,0,0,0,2,0,1,0,6,2,2,2,2,0,0,0,1,2,1,0,0
2026-07-23,Panteras,AGS,DRM,4,#10 JONATAN MACHADO / #24 GABRIEL GIRON / #4 TYLER CHEESE / #7 JORGE DE LA SERNA,112,1.87,2,5,2,2,1,1,0,0,0,0,2,0,0,0,3,1,1,1,1,0,0,0,0,1,0,0,0
2026-07-23,Panteras,AGS,DRM,4,#10 JONATAN MACHADO / #24 GABRIEL GIRON / #5 DAIVIEN WILLIAMSON / #7 JORGE DE LA SERNA,112,1.87,2,5,2,2,1,1,0,0,0,0,2,0,0,0,3,1,1,1,1,0,0,0,0,1,0,0,0
2026-07-23,Panteras,AGS,DRM,4,#24 GABRIEL GIRON / #4 TYLER CHEESE / #5 DAIVIEN WILLIAMSON / #7 JORGE DE LA SERNA,158,2.63,-1,5,2,3,1,2,0,0,0,0,2,0,1,0,6,2,2,2,2,0,0,0,1,2,1,0,0
2026-07-23,Panteras,AGS,DRM,5,#10 JONATAN MACHADO / #24 GABRIEL GIRON / #4 TYLER CHEESE / #5 DAIVIEN WILLIAMSON / #7 JORGE DE LA SERNA,112,1.87,2,5,2,2,1,1,0,0,0,0,2,0,0,0,3,1,1,1,1,0,0,0,0,1,0,0,0
2026-07-23,Panteras,AGS,DRM,2,#21 MIKYLE MCINTOSH / #4 TYLER CHEESE,729,12.15,2,27,9,26,3,14,6,7,4,8,4,1,2,1,28,11,19,4,10,2,2,2,14,10,4,0,1
2026-07-23,Panteras,AGS,DRM,2,#21 MIKYLE MCINTOSH / #5 DAIVIEN WILLIAMSON,290,4.83,-2,9,4,8,0,2,1,2,0,3,2,1,2,1,14,5,7,4,6,0,0,0,5,4,2,0,0
2026-07-23,Panteras,AGS,DRM,2,#21 MIKYLE MCINTOSH / #7 JORGE DE LA SERNA,195,3.25,7,12,5,7,2,4,0,0,1,3,1,0,1,0,5,2,5,1,4,0,0,0,1,1,1,0,0
2026-07-23,Panteras,AGS,DRM,3,#21 MIKYLE MCINTOSH / #24 GABRIEL GIRON / #4 TYLER CHEESE,670,11.17,5,27,9,24,3,13,6,7,4,7,4,1,2,0,22,9,17,2,8,2,2,2,12,8,4,0,1
2026-07-23,Panteras,AGS,DRM,3,#21 MIKYLE MCINTOSH / #24 GABRIEL GIRON / #5 DAIVIEN WILLIAMSON,114,1.9,2,5,2,3,0,1,1,2,0,1,2,0,2,0,3,1,2,1,2,0,0,0,2,1,2,0,0
2026-07-23,Panteras,AGS,DRM,3,#21 MIKYLE MCINTOSH / #24 GABRIEL GIRON / #7 JORGE DE LA SERNA,195,3.25,7,12,5,7,2,4,0,0,1,3,1,0,1,0,5,2,5,1,4,0,0,0,1,1,1,0,0
2026-07-23,Panteras,AGS,DRM,3,#21 MIKYLE MCINTOSH / #4 TYLER CHEESE / #5 DAIVIEN WILLIAMSON,163,2.72,-1,5,2,5,0,2,1,2,0,2,2,0,2,1,9,3,4,3,4,0,0,0,4,3,2,0,0
2026-07-23,Panteras,AGS,DRM,3,#21 MIKYLE MCINTOSH / #4 TYLER CHEESE / #7 JORGE DE LA SERNA,195,3.25,7,12,5,7,2,4,0,0,1,3,1,0,1,0,5,2,5,1,4,0,0,0,1,1,1,0,0
2026-07-23,Panteras,AGS,DRM,3,#21 MIKYLE MCINTOSH / #5 DAIVIEN WILLIAMSON / #7 JORGE DE LA SERNA,46,0.77,-3,0,0,1,0,1,0,0,0,0,0,0,1,0,3,1,1,1,1,0,0,0,1,1,1,0,0
2026-07-23,Panteras,AGS,DRM,4,#21 MIKYLE MCINTOSH / #24 GABRIEL GIRON / #4 TYLER CHEESE / #5 DAIVIEN WILLIAMSON,104,1.73,2,5,2,3,0,1,1,2,0,1,2,0,2,0,3,1,2,1,2,0,0,0,2,1,2,0,0
2026-07-23,Panteras,AGS,DRM,4,#21 MIKYLE MCINTOSH / #24 GABRIEL GIRON / #4 TYLER CHEESE / #7 JORGE DE LA SERNA,195,3.25,7,12,5,7,2,4,0,0,1,3,1,0,1,0,5,2,5,1,4,0,0,0,1,1,1,0,0
2026-07-23,Panteras,AGS,DRM,4,#21 MIKYLE MCINTOSH / #24 GABRIEL GIRON / #5 DAIVIEN WILLIAMSON / #7 JORGE DE LA SERNA,46,0.77,-3,0,0,1,0,1,0,0,0,0,0,0,1,0,3,1,1,1,1,0,0,0,1,1,1,0,0
2026-07-23,Panteras,AGS,DRM,4,#21 MIKYLE MCINTOSH / #4 TYLER CHEESE / #5 DAIVIEN WILLIAMSON / #7 JORGE DE LA SERNA,46,0.77,-3,0,0,1,0,1,0,0,0,0,0,0,1,0,3,1,1,1,1,0,0,0,1,1,1,0,0
2026-07-23,Panteras,AGS,DRM,5,#21 MIKYLE MCINTOSH / #24 GABRIEL GIRON / #4 TYLER CHEESE / #5 DAIVIEN WILLIAMSON / #7 JORGE DE LA SERNA,46,0.77,-3,0,0,1,0,1,0,0,0,0,0,0,1,0,3,1,1,1,1,0,0,0,1,1,1,0,0
2026-07-23,Panteras,AGS,DRM,2,#15 MIGUEL SIMON / #7 JORGE DE LA SERNA,0,0.0,0,0,0,0,0,0,0,0,0,0,0,0,0,0,0,0,0,0,0,0,0,0,0,0,0,0,0
2026-07-23,Panteras,AGS,DRM,3,#15 MIGUEL SIMON / #21 MIKYLE MCINTOSH / #4 TYLER CHEESE,62,1.03,-2,0,0,2,0,2,0,0,1,0,0,1,0,0,2,1,1,0,0,0,0,0,1,1,0,0,0
2026-07-23,Panteras,AGS,DRM,3,#15 MIGUEL SIMON / #21 MIKYLE MCINTOSH / #7 JORGE DE LA SERNA,0,0.0,0,0,0,0,0,0,0,0,0,0,0,0,0,0,0,0,0,0,0,0,0,0,0,0,0,0,0
2026-07-23,Panteras,AGS,DRM,3,#15 MIGUEL SIMON / #24 GABRIEL GIRON / #7 JORGE DE LA SERNA,0,0.0,0,0,0,0,0,0,0,0,0,0,0,0,0,0,0,0,0,0,0,0,0,0,0,0,0,0,0
2026-07-23,Panteras,AGS,DRM,3,#15 MIGUEL SIMON / #4 TYLER CHEESE / #7 JORGE DE LA SERNA,0,0.0,0,0,0,0,0,0,0,0,0,0,0,0,0,0,0,0,0,0,0,0,0,0,0,0,0,0,0
2026-07-23,Panteras,AGS,DRM,4,#15 MIGUEL SIMON / #21 MIKYLE MCINTOSH / #24 GABRIEL GIRON / #4 TYLER CHEESE,62,1.03,-2,0,0,2,0,2,0,0,1,0,0,1,0,0,2,1,1,0,0,0,0,0,1,1,0,0,0
2026-07-23,Panteras,AGS,DRM,4,#15 MIGUEL SIMON / #21 MIKYLE MCINTOSH / #24 GABRIEL GIRON / #7 JORGE DE LA SERNA,0,0.0,0,0,0,0,0,0,0,0,0,0,0,0,0,0,0,0,0,0,0,0,0,0,0,0,0,0,0
2026-07-23,Panteras,AGS,DRM,4,#15 MIGUEL SIMON / #21 MIKYLE MCINTOSH / #4 TYLER CHEESE / #7 JORGE DE LA SERNA,0,0.0,0,0,0,0,0,0,0,0,0,0,0,0,0,0,0,0,0,0,0,0,0,0,0,0,0,0,0
2026-07-23,Panteras,AGS,DRM,4,#15 MIGUEL SIMON / #24 GABRIEL GIRON / #4 TYLER CHEESE / #7 JORGE DE LA SERNA,0,0.0,0,0,0,0,0,0,0,0,0,0,0,0,0,0,0,0,0,0,0,0,0,0,0,0,0,0,0
2026-07-23,Panteras,AGS,DRM,5,#15 MIGUEL SIMON / #21 MIKYLE MCINTOSH / #24 GABRIEL GIRON / #4 TYLER CHEESE / #7 JORGE DE LA SERNA,0,0.0,0,0,0,0,0,0,0,0,0,0,0,0,0,0,0,0,0,0,0,0,0,0,0,0,0,0,0
2026-07-23,Panteras,AGS,DRM,3,#0 JARON MARTIN / #21 MIKYLE MCINTOSH / #4 TYLER CHEESE,566,9.43,3,22,7,21,3,12,5,5,4,6,2,1,0,0,19,8,15,1,6,2,2,2,10,7,2,0,1
2026-07-23,Panteras,AGS,DRM,4,#0 JARON MARTIN / #15 MIGUEL SIMON / #21 MIKYLE MCINTOSH / #4 TYLER CHEESE,62,1.03,-2,0,0,2,0,2,0,0,1,0,0,1,0,0,2,1,1,0,0,0,0,0,1,1,0,0,0
2026-07-23,Panteras,AGS,DRM,4,#0 JARON MARTIN / #21 MIKYLE MCINTOSH / #24 GABRIEL GIRON / #4 TYLER CHEESE,566,9.43,3,22,7,21,3,12,5,5,4,6,2,1,0,0,19,8,15,1,6,2,2,2,10,7,2,0,1
2026-07-23,Panteras,AGS,DRM,5,#0 JARON MARTIN / #15 MIGUEL SIMON / #21 MIKYLE MCINTOSH / #24 GABRIEL GIRON / #4 TYLER CHEESE,62,1.03,-2,0,0,2,0,2,0,0,1,0,0,1,0,0,2,1,1,0,0,0,0,0,1,1,0,0,0
2026-07-23,Panteras,AGS,DRM,2,#0 JARON MARTIN / #7 JORGE DE LA SERNA,222,3.7,8,13,5,8,2,4,1,2,1,4,1,0,0,2,5,2,7,0,3,1,1,1,3,1,1,0,0
2026-07-23,Panteras,AGS,DRM,2,#1 AHMED HILL / #7 JORGE DE LA SERNA,73,1.22,-2,1,0,2,0,1,1,2,0,1,0,0,0,2,3,1,3,0,0,1,1,1,3,1,1,0,0
2026-07-23,Panteras,AGS,DRM,3,#0 JARON MARTIN / #1 AHMED HILL / #7 JORGE DE LA SERNA,73,1.22,-2,1,0,2,0,1,1,2,0,1,0,0,0,2,3,1,3,0,0,1,1,1,3,1,1,0,0
2026-07-23,Panteras,AGS,DRM,3,#0 JARON MARTIN / #10 JONATAN MACHADO / #7 JORGE DE LA SERNA,73,1.22,-2,1,0,2,0,1,1,2,0,1,0,0,0,2,3,1,3,0,0,1,1,1,3,1,1,0,0
2026-07-23,Panteras,AGS,DRM,3,#0 JARON MARTIN / #24 GABRIEL GIRON / #7 JORGE DE LA SERNA,222,3.7,8,13,5,8,2,4,1,2,1,4,1,0,0,2,5,2,7,0,3,1,1,1,3,1,1,0,0
2026-07-23,Panteras,AGS,DRM,3,#1 AHMED HILL / #10 JONATAN MACHADO / #7 JORGE DE LA SERNA,73,1.22,-2,1,0,2,0,1,1,2,0,1,0,0,0,2,3,1,3,0,0,1,1,1,3,1,1,0,0
2026-07-23,Panteras,AGS,DRM,3,#1 AHMED HILL / #24 GABRIEL GIRON / #7 JORGE DE LA SERNA,73,1.22,-2,1,0,2,0,1,1,2,0,1,0,0,0,2,3,1,3,0,0,1,1,1,3,1,1,0,0
2026-07-23,Panteras,AGS,DRM,4,#0 JARON MARTIN / #1 AHMED HILL / #10 JONATAN MACHADO / #7 JORGE DE LA SERNA,73,1.22,-2,1,0,2,0,1,1,2,0,1,0,0,0,2,3,1,3,0,0,1,1,1,3,1,1,0,0
2026-07-23,Panteras,AGS,DRM,4,#0 JARON MARTIN / #1 AHMED HILL / #24 GABRIEL GIRON / #7 JORGE DE LA SERNA,73,1.22,-2,1,0,2,0,1,1,2,0,1,0,0,0,2,3,1,3,0,0,1,1,1,3,1,1,0,0
2026-07-23,Panteras,AGS,DRM,4,#0 JARON MARTIN / #10 JONATAN MACHADO / #24 GABRIEL GIRON / #7 JORGE DE LA SERNA,73,1.22,-2,1,0,2,0,1,1,2,0,1,0,0,0,2,3,1,3,0,0,1,1,1,3,1,1,0,0
2026-07-23,Panteras,AGS,DRM,4,#1 AHMED HILL / #10 JONATAN MACHADO / #24 GABRIEL GIRON / #7 JORGE DE LA SERNA,73,1.22,-2,1,0,2,0,1,1,2,0,1,0,0,0,2,3,1,3,0,0,1,1,1,3,1,1,0,0
2026-07-23,Panteras,AGS,DRM,5,#0 JARON MARTIN / #1 AHMED HILL / #10 JONATAN MACHADO / #24 GABRIEL GIRON / #7 JORGE DE LA SERNA,73,1.22,-2,1,0,2,0,1,1,2,0,1,0,0,0,2,3,1,3,0,0,1,1,1,3,1,1,0,0
2026-07-23,Panteras,AGS,DRM,2,#10 JONATAN MACHADO / #21 MIKYLE MCINTOSH,186,3.1,-3,6,1,8,0,4,4,4,1,2,0,0,0,0,9,3,4,1,2,2,2,0,6,3,1,0,0
2026-07-23,Panteras,AGS,DRM,3,#0 JARON MARTIN / #10 JONATAN MACHADO / #21 MIKYLE MCINTOSH,186,3.1,-3,6,1,8,0,4,4,4,1,2,0,0,0,0,9,3,4,1,2,2,2,0,6,3,1,0,0
2026-07-23,Panteras,AGS,DRM,3,#0 JARON MARTIN / #21 MIKYLE MCINTOSH / #7 JORGE DE LA SERNA,149,2.48,10,12,5,6,2,3,0,0,1,3,1,0,0,0,2,1,4,0,3,0,0,0,0,0,0,0,0
2026-07-23,Panteras,AGS,DRM,3,#10 JONATAN MACHADO / #21 MIKYLE MCINTOSH / #24 GABRIEL GIRON,186,3.1,-3,6,1,8,0,4,4,4,1,2,0,0,0,0,9,3,4,1,2,2,2,0,6,3,1,0,0
2026-07-23,Panteras,AGS,DRM,3,#10 JONATAN MACHADO / #21 MIKYLE MCINTOSH / #7 JORGE DE LA SERNA,0,0.0,0,0,0,0,0,0,0,0,0,0,0,0,0,0,0,0,0,0,0,0,0,0,0,0,0,0,0
2026-07-23,Panteras,AGS,DRM,4,#0 JARON MARTIN / #10 JONATAN MACHADO / #21 MIKYLE MCINTOSH / #24 GABRIEL GIRON,186,3.1,-3,6,1,8,0,4,4,4,1,2,0,0,0,0,9,3,4,1,2,2,2,0,6,3,1,0,0
2026-07-23,Panteras,AGS,DRM,4,#0 JARON MARTIN / #10 JONATAN MACHADO / #21 MIKYLE MCINTOSH / #7 JORGE DE LA SERNA,0,0.0,0,0,0,0,0,0,0,0,0,0,0,0,0,0,0,0,0,0,0,0,0,0,0,0,0,0,0
2026-07-23,Panteras,AGS,DRM,4,#0 JARON MARTIN / #21 MIKYLE MCINTOSH / #24 GABRIEL GIRON / #7 JORGE DE LA SERNA,149,2.48,10,12,5,6,2,3,0,0,1,3,1,0,0,0,2,1,4,0,3,0,0,0,0,0,0,0,0
2026-07-23,Panteras,AGS,DRM,4,#10 JONATAN MACHADO / #21 MIKYLE MCINTOSH / #24 GABRIEL GIRON / #7 JORGE DE LA SERNA,0,0.0,0,0,0,0,0,0,0,0,0,0,0,0,0,0,0,0,0,0,0,0,0,0,0,0,0,0,0
2026-07-23,Panteras,AGS,DRM,5,#0 JARON MARTIN / #10 JONATAN MACHADO / #21 MIKYLE MCINTOSH / #24 GABRIEL GIRON / #7 JORGE DE LA SERNA,0,0.0,0,0,0,0,0,0,0,0,0,0,0,0,0,0,0,0,0,0,0,0,0,0,0,0,0,0,0
2026-07-23,Panteras,AGS,DRM,3,#0 JARON MARTIN / #4 TYLER CHEESE / #7 JORGE DE LA SERNA,149,2.48,10,12,5,6,2,3,0,0,1,3,1,0,0,0,2,1,4,0,3,0,0,0,0,0,0,0,0
2026-07-23,Panteras,AGS,DRM,4,#0 JARON MARTIN / #21 MIKYLE MCINTOSH / #4 TYLER CHEESE / #7 JORGE DE LA SERNA,149,2.48,10,12,5,6,2,3,0,0,1,3,1,0,0,0,2,1,4,0,3,0,0,0,0,0,0,0,0
2026-07-23,Panteras,AGS,DRM,4,#0 JARON MARTIN / #24 GABRIEL GIRON / #4 TYLER CHEESE / #7 JORGE DE LA SERNA,149,2.48,10,12,5,6,2,3,0,0,1,3,1,0,0,0,2,1,4,0,3,0,0,0,0,0,0,0,0
2026-07-23,Panteras,AGS,DRM,5,#0 JARON MARTIN / #21 MIKYLE MCINTOSH / #24 GABRIEL GIRON / #4 TYLER CHEESE / #7 JORGE DE LA SERNA,149,2.48,10,12,5,6,2,3,0,0,1,3,1,0,0,0,2,1,4,0,3,0,0,0,0,0,0,0,0
2026-07-23,Panteras,AGS,DRM,2,#0 JARON MARTIN / #3 JALIN BILLINGSLEY,179,2.98,-2,4,1,5,1,3,1,1,1,1,1,0,0,0,6,3,6,0,1,0,0,2,3,3,1,0,1
2026-07-23,Panteras,AGS,DRM,2,#21 MIKYLE MCINTOSH / #3 JALIN BILLINGSLEY,296,4.93,0,9,3,9,1,4,2,3,1,3,3,0,1,1,12,5,9,2,4,0,0,2,6,5,2,0,1
2026-07-23,Panteras,AGS,DRM,2,#24 GABRIEL GIRON / #3 JALIN BILLINGSLEY,354,5.9,4,13,4,8,2,4,3,5,1,3,3,0,1,0,9,4,9,1,3,0,0,2,5,3,2,0,1
2026-07-23,Panteras,AGS,DRM,3,#0 JARON MARTIN / #21 MIKYLE MCINTOSH / #3 JALIN BILLINGSLEY,179,2.98,-2,4,1,5,1,3,1,1,1,1,1,0,0,0,6,3,6,0,1,0,0,2,3,3,1,0,1
2026-07-23,Panteras,AGS,DRM,3,#0 JARON MARTIN / #24 GABRIEL GIRON / #3 JALIN BILLINGSLEY,179,2.98,-2,4,1,5,1,3,1,1,1,1,1,0,0,0,6,3,6,0,1,0,0,2,3,3,1,0,1
2026-07-23,Panteras,AGS,DRM,3,#0 JARON MARTIN / #3 JALIN BILLINGSLEY / #4 TYLER CHEESE,179,2.98,-2,4,1,5,1,3,1,1,1,1,1,0,0,0,6,3,6,0,1,0,0,2,3,3,1,0,1
2026-07-23,Panteras,AGS,DRM,3,#21 MIKYLE MCINTOSH / #24 GABRIEL GIRON / #3 JALIN BILLINGSLEY,237,3.95,3,9,3,7,1,3,2,3,1,2,3,0,1,0,6,3,7,0,2,0,0,2,4,3,2,0,1
2026-07-23,Panteras,AGS,DRM,3,#21 MIKYLE MCINTOSH / #3 JALIN BILLINGSLEY / #4 TYLER CHEESE,296,4.93,0,9,3,9,1,4,2,3,1,3,3,0,1,1,12,5,9,2,4,0,0,2,6,5,2,0,1
2026-07-23,Panteras,AGS,DRM,3,#24 GABRIEL GIRON / #3 JALIN BILLINGSLEY / #4 TYLER CHEESE,354,5.9,4,12,4,8,2,4,2,3,1,3,3,0,1,0,9,4,8,1,3,0,0,2,4,3,2,0,1
2026-07-23,Panteras,AGS,DRM,4,#0 JARON MARTIN / #21 MIKYLE MCINTOSH / #24 GABRIEL GIRON / #3 JALIN BILLINGSLEY,179,2.98,-2,4,1,5,1,3,1,1,1,1,1,0,0,0,6,3,6,0,1,0,0,2,3,3,1,0,1
2026-07-23,Panteras,AGS,DRM,4,#0 JARON MARTIN / #21 MIKYLE MCINTOSH / #3 JALIN BILLINGSLEY / #4 TYLER CHEESE,179,2.98,-2,4,1,5,1,3,1,1,1,1,1,0,0,0,6,3,6,0,1,0,0,2,3,3,1,0,1
2026-07-23,Panteras,AGS,DRM,4,#0 JARON MARTIN / #24 GABRIEL GIRON / #3 JALIN BILLINGSLEY / #4 TYLER CHEESE,179,2.98,-2,4,1,5,1,3,1,1,1,1,1,0,0,0,6,3,6,0,1,0,0,2,3,3,1,0,1
2026-07-23,Panteras,AGS,DRM,4,#21 MIKYLE MCINTOSH / #24 GABRIEL GIRON / #3 JALIN BILLINGSLEY / #4 TYLER CHEESE,237,3.95,3,9,3,7,1,3,2,3,1,2,3,0,1,0,6,3,7,0,2,0,0,2,4,3,2,0,1
2026-07-23,Panteras,AGS,DRM,5,#0 JARON MARTIN / #21 MIKYLE MCINTOSH / #24 GABRIEL GIRON / #3 JALIN BILLINGSLEY / #4 TYLER CHEESE,179,2.98,-2,4,1,5,1,3,1,1,1,1,1,0,0,0,6,3,6,0,1,0,0,2,3,3,1,0,1
2026-07-23,Panteras,AGS,DRM,3,#21 MIKYLE MCINTOSH / #3 JALIN BILLINGSLEY / #5 DAIVIEN WILLIAMSON,117,1.95,2,5,2,4,0,1,1,2,0,2,2,0,1,1,6,2,3,2,3,0,0,0,3,2,1,0,0
2026-07-23,Panteras,AGS,DRM,3,#24 GABRIEL GIRON / #3 JALIN BILLINGSLEY / #5 DAIVIEN WILLIAMSON,175,2.92,6,9,3,3,1,1,2,4,0,2,2,0,1,0,3,1,3,1,2,0,0,0,2,0,1,0,0
2026-07-23,Panteras,AGS,DRM,4,#21 MIKYLE MCINTOSH / #24 GABRIEL GIRON / #3 JALIN BILLINGSLEY / #5 DAIVIEN WILLIAMSON,58,0.97,5,5,2,2,0,0,1,2,0,1,2,0,1,0,0,0,1,0,1,0,0,0,1,0,1,0,0
2026-07-23,Panteras,AGS,DRM,4,#21 MIKYLE MCINTOSH / #3 JALIN BILLINGSLEY / #4 TYLER CHEESE / #5 DAIVIEN WILLIAMSON,117,1.95,2,5,2,4,0,1,1,2,0,2,2,0,1,1,6,2,3,2,3,0,0,0,3,2,1,0,0
2026-07-23,Panteras,AGS,DRM,4,#24 GABRIEL GIRON / #3 JALIN BILLINGSLEY / #4 TYLER CHEESE / #5 DAIVIEN WILLIAMSON,175,2.92,6,8,3,3,1,1,1,2,0,2,2,0,1,0,3,1,2,1,2,0,0,0,1,0,1,0,0
2026-07-23,Panteras,AGS,DRM,5,#21 MIKYLE MCINTOSH / #24 GABRIEL GIRON / #3 JALIN BILLINGSLEY / #4 TYLER CHEESE / #5 DAIVIEN WILLIAMSON,58,0.97,5,5,2,2,0,0,1,2,0,1,2,0,1,0,0,0,1,0,1,0,0,0,1,0,1,0,0
2026-07-23,Panteras,AGS,DRM,2,#1 AHMED HILL / #3 JALIN BILLINGSLEY,59,0.98,-3,3,1,3,1,2,0,0,0,1,1,0,0,1,6,2,3,2,3,0,0,0,2,2,0,0,0
2026-07-23,Panteras,AGS,DRM,2,#1 AHMED HILL / #4 TYLER CHEESE,59,0.98,-3,3,1,3,1,2,0,0,0,1,1,0,0,1,6,2,3,2,3,0,0,0,2,2,0,0,0
2026-07-23,Panteras,AGS,DRM,2,#1 AHMED HILL / #5 DAIVIEN WILLIAMSON,252,4.2,-4,7,3,7,1,2,0,0,0,4,1,2,0,1,11,4,8,3,6,0,0,0,4,3,1,0,0
2026-07-23,Panteras,AGS,DRM,3,#1 AHMED HILL / #3 JALIN BILLINGSLEY / #4 TYLER CHEESE,59,0.98,-3,3,1,3,1,2,0,0,0,1,1,0,0,1,6,2,3,2,3,0,0,0,2,2,0,0,0
2026-07-23,Panteras,AGS,DRM,3,#1 AHMED HILL / #3 JALIN BILLINGSLEY / #5 DAIVIEN WILLIAMSON,59,0.98,-3,3,1,3,1,2,0,0,0,1,1,0,0,1,6,2,3,2,3,0,0,0,2,2,0,0,0
2026-07-23,Panteras,AGS,DRM,3,#1 AHMED HILL / #4 TYLER CHEESE / #5 DAIVIEN WILLIAMSON,59,0.98,-3,3,1,3,1,2,0,0,0,1,1,0,0,1,6,2,3,2,3,0,0,0,2,2,0,0,0
2026-07-23,Panteras,AGS,DRM,4,#1 AHMED HILL / #3 JALIN BILLINGSLEY / #4 TYLER CHEESE / #5 DAIVIEN WILLIAMSON,59,0.98,-3,3,1,3,1,2,0,0,0,1,1,0,0,1,6,2,3,2,3,0,0,0,2,2,0,0,0
2026-07-23,Panteras,AGS,DRM,3,#1 AHMED HILL / #21 MIKYLE MCINTOSH / #3 JALIN BILLINGSLEY,59,0.98,-3,0,0,2,0,1,0,0,0,1,0,0,0,1,6,2,2,2,2,0,0,0,2,2,0,0,0
2026-07-23,Panteras,AGS,DRM,3,#1 AHMED HILL / #21 MIKYLE MCINTOSH / #4 TYLER CHEESE,59,0.98,-3,0,0,2,0,1,0,0,0,1,0,0,0,1,6,2,2,2,2,0,0,0,2,2,0,0,0
2026-07-23,Panteras,AGS,DRM,3,#1 AHMED HILL / #21 MIKYLE MCINTOSH / #5 DAIVIEN WILLIAMSON,176,2.93,-4,4,2,5,0,1,0,0,0,2,0,1,0,1,11,4,5,3,4,0,0,0,3,3,0,0,0
2026-07-23,Panteras,AGS,DRM,4,#1 AHMED HILL / #21 MIKYLE MCINTOSH / #3 JALIN BILLINGSLEY / #4 TYLER CHEESE,59,0.98,-3,0,0,2,0,1,0,0,0,1,0,0,0,1,6,2,2,2,2,0,0,0,2,2,0,0,0
2026-07-23,Panteras,AGS,DRM,4,#1 AHMED HILL / #21 MIKYLE MCINTOSH / #3 JALIN BILLINGSLEY / #5 DAIVIEN WILLIAMSON,59,0.98,-3,0,0,2,0,1,0,0,0,1,0,0,0,1,6,2,2,2,2,0,0,0,2,2,0,0,0
2026-07-23,Panteras,AGS,DRM,4,#1 AHMED HILL / #21 MIKYLE MCINTOSH / #4 TYLER CHEESE / #5 DAIVIEN WILLIAMSON,59,0.98,-3,0,0,2,0,1,0,0,0,1,0,0,0,1,6,2,2,2,2,0,0,0,2,2,0,0,0
2026-07-23,Panteras,AGS,DRM,5,#1 AHMED HILL / #21 MIKYLE MCINTOSH / #3 JALIN BILLINGSLEY / #4 TYLER CHEESE / #5 DAIVIEN WILLIAMSON,59,0.98,-3,0,0,2,0,1,0,0,0,1,0,0,0,1,6,2,2,2,2,0,0,0,2,2,0,0,0
2026-07-23,Panteras,AGS,DRM,3,#1 AHMED HILL / #15 MIGUEL SIMON / #4 TYLER CHEESE,0,0.0,0,0,0,0,0,0,0,0,0,0,0,0,0,0,0,0,0,0,0,0,0,0,0,0,0,0,0
2026-07-23,Panteras,AGS,DRM,3,#1 AHMED HILL / #15 MIGUEL SIMON / #5 DAIVIEN WILLIAMSON,193,3.22,-1,4,2,4,0,0,0,0,0,3,0,2,0,0,5,2,5,1,3,0,0,0,2,1,1,0,0
2026-07-23,Panteras,AGS,DRM,3,#15 MIGUEL SIMON / #21 MIKYLE MCINTOSH / #5 DAIVIEN WILLIAMSON,117,1.95,-1,4,2,3,0,0,0,0,0,1,0,1,0,0,5,2,3,1,2,0,0,0,1,1,0,0,0
2026-07-23,Panteras,AGS,DRM,4,#1 AHMED HILL / #15 MIGUEL SIMON / #21 MIKYLE MCINTOSH / #4 TYLER CHEESE,0,0.0,0,0,0,0,0,0,0,0,0,0,0,0,0,0,0,0,0,0,0,0,0,0,0,0,0,0,0
2026-07-23,Panteras,AGS,DRM,4,#1 AHMED HILL / #15 MIGUEL SIMON / #21 MIKYLE MCINTOSH / #5 DAIVIEN WILLIAMSON,117,1.95,-1,4,2,3,0,0,0,0,0,1,0,1,0,0,5,2,3,1,2,0,0,0,1,1,0,0,0
2026-07-23,Panteras,AGS,DRM,4,#1 AHMED HILL / #15 MIGUEL SIMON / #4 TYLER CHEESE / #5 DAIVIEN WILLIAMSON,0,0.0,0,0,0,0,0,0,0,0,0,0,0,0,0,0,0,0,0,0,0,0,0,0,0,0,0,0,0
2026-07-23,Panteras,AGS,DRM,4,#15 MIGUEL SIMON / #21 MIKYLE MCINTOSH / #4 TYLER CHEESE / #5 DAIVIEN WILLIAMSON,0,0.0,0,0,0,0,0,0,0,0,0,0,0,0,0,0,0,0,0,0,0,0,0,0,0,0,0,0,0
2026-07-23,Panteras,AGS,DRM,5,#1 AHMED HILL / #15 MIGUEL SIMON / #21 MIKYLE MCINTOSH / #4 TYLER CHEESE / #5 DAIVIEN WILLIAMSON,0,0.0,0,0,0,0,0,0,0,0,0,0,0,0,0,0,0,0,0,0,0,0,0,0,0,0,0,0,0
2026-07-23,Panteras,AGS,DRM,3,#0 JARON MARTIN / #1 AHMED HILL / #5 DAIVIEN WILLIAMSON,193,3.22,-1,4,2,4,0,0,0,0,0,3,0,2,0,0,5,2,5,1,3,0,0,0,2,1,1,0,0
2026-07-23,Panteras,AGS,DRM,3,#0 JARON MARTIN / #21 MIKYLE MCINTOSH / #5 DAIVIEN WILLIAMSON,127,2.12,-1,4,2,3,0,0,0,0,0,1,0,1,0,0,5,2,3,1,2,0,0,0,1,1,0,0,0
2026-07-23,Panteras,AGS,DRM,4,#0 JARON MARTIN / #1 AHMED HILL / #15 MIGUEL SIMON / #5 DAIVIEN WILLIAMSON,193,3.22,-1,4,2,4,0,0,0,0,0,3,0,2,0,0,5,2,5,1,3,0,0,0,2,1,1,0,0
2026-07-23,Panteras,AGS,DRM,4,#0 JARON MARTIN / #1 AHMED HILL / #21 MIKYLE MCINTOSH / #5 DAIVIEN WILLIAMSON,117,1.95,-1,4,2,3,0,0,0,0,0,1,0,1,0,0,5,2,3,1,2,0,0,0,1,1,0,0,0
2026-07-23,Panteras,AGS,DRM,4,#0 JARON MARTIN / #15 MIGUEL SIMON / #21 MIKYLE MCINTOSH / #5 DAIVIEN WILLIAMSON,117,1.95,-1,4,2,3,0,0,0,0,0,1,0,1,0,0,5,2,3,1,2,0,0,0,1,1,0,0,0
2026-07-23,Panteras,AGS,DRM,5,#0 JARON MARTIN / #1 AHMED HILL / #15 MIGUEL SIMON / #21 MIKYLE MCINTOSH / #5 DAIVIEN WILLIAMSON,117,1.95,-1,4,2,3,0,0,0,0,0,1,0,1,0,0,5,2,3,1,2,0,0,0,1,1,0,0,0
2026-07-23,Panteras,AGS,DRM,3,#1 AHMED HILL / #10 JONATAN MACHADO / #5 DAIVIEN WILLIAMSON,76,1.27,0,0,0,1,0,0,0,0,0,2,0,1,0,0,0,0,2,0,1,0,0,0,1,0,1,0,0
2026-07-23,Panteras,AGS,DRM,4,#0 JARON MARTIN / #1 AHMED HILL / #10 JONATAN MACHADO / #5 DAIVIEN WILLIAMSON,76,1.27,0,0,0,1,0,0,0,0,0,2,0,1,0,0,0,0,2,0,1,0,0,0,1,0,1,0,0
2026-07-23,Panteras,AGS,DRM,4,#1 AHMED HILL / #10 JONATAN MACHADO / #15 MIGUEL SIMON / #5 DAIVIEN WILLIAMSON,76,1.27,0,0,0,1,0,0,0,0,0,2,0,1,0,0,0,0,2,0,1,0,0,0,1,0,1,0,0
2026-07-23,Panteras,AGS,DRM,5,#0 JARON MARTIN / #1 AHMED HILL / #10 JONATAN MACHADO / #15 MIGUEL SIMON / #5 DAIVIEN WILLIAMSON,76,1.27,0,0,0,1,0,0,0,0,0,2,0,1,0,0,0,0,2,0,1,0,0,0,1,0,1,0,0
2026-07-23,Panteras,AGS,DRM,3,#0 JARON MARTIN / #24 GABRIEL GIRON / #5 DAIVIEN WILLIAMSON,55,0.92,-1,1,0,1,0,1,1,1,0,0,0,0,0,0,2,1,2,0,1,0,0,1,1,0,0,0,0
2026-07-23,Panteras,AGS,DRM,3,#15 MIGUEL SIMON / #24 GABRIEL GIRON / #5 DAIVIEN WILLIAMSON,45,0.75,-1,1,0,1,0,1,1,1,0,0,0,0,0,0,2,1,2,0,1,0,0,1,1,0,0,0,0
2026-07-23,Panteras,AGS,DRM,4,#0 JARON MARTIN / #10 JONATAN MACHADO / #24 GABRIEL GIRON / #5 DAIVIEN WILLIAMSON,55,0.92,-1,1,0,1,0,1,1,1,0,0,0,0,0,0,2,1,2,0,1,0,0,1,1,0,0,0,0
2026-07-23,Panteras,AGS,DRM,4,#0 JARON MARTIN / #15 MIGUEL SIMON / #24 GABRIEL GIRON / #5 DAIVIEN WILLIAMSON,45,0.75,-1,1,0,1,0,1,1,1,0,0,0,0,0,0,2,1,2,0,1,0,0,1,1,0,0,0,0
2026-07-23,Panteras,AGS,DRM,4,#10 JONATAN MACHADO / #15 MIGUEL SIMON / #24 GABRIEL GIRON / #5 DAIVIEN WILLIAMSON,45,0.75,-1,1,0,1,0,1,1,1,0,0,0,0,0,0,2,1,2,0,1,0,0,1,1,0,0,0,0
2026-07-23,Panteras,AGS,DRM,5,#0 JARON MARTIN / #10 JONATAN MACHADO / #15 MIGUEL SIMON / #24 GABRIEL GIRON / #5 DAIVIEN WILLIAMSON,45,0.75,-1,1,0,1,0,1,1,1,0,0,0,0,0,0,2,1,2,0,1,0,0,1,1,0,0,0,0
2026-07-23,Panteras,AGS,DRM,4,#0 JARON MARTIN / #24 GABRIEL GIRON / #4 TYLER CHEESE / #5 DAIVIEN WILLIAMSON,45,0.75,-1,0,0,0,0,0,0,0,0,0,0,0,0,0,0,0,0,0,0,0,0,0,0,0,0,0,0
2026-07-23,Panteras,AGS,DRM,4,#15 MIGUEL SIMON / #24 GABRIEL GIRON / #4 TYLER CHEESE / #5 DAIVIEN WILLIAMSON,45,0.75,-1,0,0,0,0,0,0,0,0,0,0,0,0,0,0,0,0,0,0,0,0,0,0,0,0,0,0
2026-07-23,Panteras,AGS,DRM,5,#0 JARON MARTIN / #10 JONATAN MACHADO / #24 GABRIEL GIRON / #4 TYLER CHEESE / #5 DAIVIEN WILLIAMSON,45,0.75,-1,0,0,0,0,0,0,0,0,0,0,0,0,0,0,0,0,0,0,0,0,0,0,0,0,0,0
2026-07-23,Panteras,AGS,DRM,5,#0 JARON MARTIN / #15 MIGUEL SIMON / #24 GABRIEL GIRON / #4 TYLER CHEESE / #5 DAIVIEN WILLIAMSON,45,0.75,-1,0,0,0,0,0,0,0,0,0,0,0,0,0,0,0,0,0,0,0,0,0,0,0,0,0,0
2026-07-23,Panteras,AGS,DRM,5,#10 JONATAN MACHADO / #15 MIGUEL SIMON / #24 GABRIEL GIRON / #4 TYLER CHEESE / #5 DAIVIEN WILLIAMSON,45,0.75,-1,0,0,0,0,0,0,0,0,0,0,0,0,0,0,0,0,0,0,0,0,0,0,0,0,0,0
2026-07-23,Panteras,AGS,DRM,3,#10 JONATAN MACHADO / #15 MIGUEL SIMON / #21 MIKYLE MCINTOSH,0,0.0,0,0,0,0,0,0,0,0,0,0,0,0,0,0,0,0,0,0,0,0,0,0,0,0,0,0,0
2026-07-23,Panteras,AGS,DRM,3,#10 JONATAN MACHADO / #21 MIKYLE MCINTOSH / #5 DAIVIEN WILLIAMSON,10,0.17,0,0,0,0,0,0,0,0,0,0,0,0,0,0,0,0,0,0,0,0,0,0,0,0,0,0,0
2026-07-23,Panteras,AGS,DRM,4,#0 JARON MARTIN / #10 JONATAN MACHADO / #15 MIGUEL SIMON / #21 MIKYLE MCINTOSH,0,0.0,0,0,0,0,0,0,0,0,0,0,0,0,0,0,0,0,0,0,0,0,0,0,0,0,0,0,0
2026-07-23,Panteras,AGS,DRM,4,#0 JARON MARTIN / #10 JONATAN MACHADO / #21 MIKYLE MCINTOSH / #5 DAIVIEN WILLIAMSON,10,0.17,0,0,0,0,0,0,0,0,0,0,0,0,0,0,0,0,0,0,0,0,0,0,0,0,0,0,0
2026-07-23,Panteras,AGS,DRM,4,#0 JARON MARTIN / #21 MIKYLE MCINTOSH / #24 GABRIEL GIRON / #5 DAIVIEN WILLIAMSON,10,0.17,0,0,0,0,0,0,0,0,0,0,0,0,0,0,0,0,0,0,0,0,0,0,0,0,0,0,0
2026-07-23,Panteras,AGS,DRM,4,#10 JONATAN MACHADO / #15 MIGUEL SIMON / #21 MIKYLE MCINTOSH / #24 GABRIEL GIRON,0,0.0,0,0,0,0,0,0,0,0,0,0,0,0,0,0,0,0,0,0,0,0,0,0,0,0,0,0,0
2026-07-23,Panteras,AGS,DRM,4,#10 JONATAN MACHADO / #15 MIGUEL SIMON / #21 MIKYLE MCINTOSH / #5 DAIVIEN WILLIAMSON,0,0.0,0,0,0,0,0,0,0,0,0,0,0,0,0,0,0,0,0,0,0,0,0,0,0,0,0,0,0
2026-07-23,Panteras,AGS,DRM,4,#10 JONATAN MACHADO / #21 MIKYLE MCINTOSH / #24 GABRIEL GIRON / #5 DAIVIEN WILLIAMSON,10,0.17,0,0,0,0,0,0,0,0,0,0,0,0,0,0,0,0,0,0,0,0,0,0,0,0,0,0,0
2026-07-23,Panteras,AGS,DRM,4,#15 MIGUEL SIMON / #21 MIKYLE MCINTOSH / #24 GABRIEL GIRON / #5 DAIVIEN WILLIAMSON,0,0.0,0,0,0,0,0,0,0,0,0,0,0,0,0,0,0,0,0,0,0,0,0,0,0,0,0,0,0
2026-07-23,Panteras,AGS,DRM,5,#0 JARON MARTIN / #10 JONATAN MACHADO / #15 MIGUEL SIMON / #21 MIKYLE MCINTOSH / #24 GABRIEL GIRON,0,0.0,0,0,0,0,0,0,0,0,0,0,0,0,0,0,0,0,0,0,0,0,0,0,0,0,0,0,0
2026-07-23,Panteras,AGS,DRM,5,#0 JARON MARTIN / #10 JONATAN MACHADO / #15 MIGUEL SIMON / #21 MIKYLE MCINTOSH / #5 DAIVIEN WILLIAMSON,0,0.0,0,0,0,0,0,0,0,0,0,0,0,0,0,0,0,0,0,0,0,0,0,0,0,0,0,0,0
2026-07-23,Panteras,AGS,DRM,5,#0 JARON MARTIN / #10 JONATAN MACHADO / #21 MIKYLE MCINTOSH / #24 GABRIEL GIRON / #5 DAIVIEN WILLIAMSON,10,0.17,0,0,0,0,0,0,0,0,0,0,0,0,0,0,0,0,0,0,0,0,0,0,0,0,0,0,0
2026-07-23,Panteras,AGS,DRM,5,#0 JARON MARTIN / #15 MIGUEL SIMON / #21 MIKYLE MCINTOSH / #24 GABRIEL GIRON / #5 DAIVIEN WILLIAMSON,0,0.0,0,0,0,0,0,0,0,0,0,0,0,0,0,0,0,0,0,0,0,0,0,0,0,0,0,0,0
2026-07-23,Panteras,AGS,DRM,5,#10 JONATAN MACHADO / #15 MIGUEL SIMON / #21 MIKYLE MCINTOSH / #24 GABRIEL GIRON / #5 DAIVIEN WILLIAMSON,0,0.0,0,0,0,0,0,0,0,0,0,0,0,0,0,0,0,0,0,0,0,0,0,0,0,0,0,0,0
2026-07-23,Panteras,AGS,DRM,3,#10 JONATAN MACHADO / #21 MIKYLE MCINTOSH / #4 TYLER CHEESE,176,2.93,-3,6,1,8,0,4,4,4,1,2,0,0,0,0,9,3,4,1,2,2,2,0,6,3,1,0,0
2026-07-23,Panteras,AGS,DRM,4,#0 JARON MARTIN / #10 JONATAN MACHADO / #21 MIKYLE MCINTOSH / #4 TYLER CHEESE,176,2.93,-3,6,1,8,0,4,4,4,1,2,0,0,0,0,9,3,4,1,2,2,2,0,6,3,1,0,0
2026-07-23,Panteras,AGS,DRM,4,#10 JONATAN MACHADO / #21 MIKYLE MCINTOSH / #24 GABRIEL GIRON / #4 TYLER CHEESE,176,2.93,-3,6,1,8,0,4,4,4,1,2,0,0,0,0,9,3,4,1,2,2,2,0,6,3,1,0,0
2026-07-23,Panteras,AGS,DRM,5,#0 JARON MARTIN / #10 JONATAN MACHADO / #21 MIKYLE MCINTOSH / #24 GABRIEL GIRON / #4 TYLER CHEESE,176,2.93,-3,6,1,8,0,4,4,4,1,2,0,0,0,0,9,3,4,1,2,2,2,0,6,3,1,0,0
