date,team,team_code,opponent,size,lineup,minutes,plus_minus,pm_per36
2026-07-23,Diablos Rojos,DRM,AGS,1,#9 THOMAS DRECHSEL,33.58,-5,-5.36
2026-07-23,Diablos Rojos,DRM,AGS,1,#7 JOSE CRUZ,18.52,-10,-19.44
2026-07-23,Diablos Rojos,DRM,AGS,2,#7 JOSE CRUZ / #9 THOMAS DRECHSEL,14.3,-6,-15.1
2026-07-23,Diablos Rojos,DRM,AGS,1,#6 SANTIAGO SCALA,26.93,-2,-2.67
2026-07-23,Diablos Rojos,DRM,AGS,2,#6 SANTIAGO SCALA / #9 THOMAS DRECHSEL,20.52,4,7.02
2026-07-23,Diablos Rojos,DRM,AGS,2,#6 SANTIAGO SCALA / #7 JOSE CRUZ,15.25,-7,-16.52
2026-07-23,Diablos Rojos,DRM,AGS,3,#6 SANTIAGO SCALA / #7 JOSE CRUZ / #9 THOMAS DRECHSEL,11.03,-3,-9.79
2026-07-23,Diablos Rojos,DRM,AGS,1,#24 MICHAEL CARRERA,32.08,-3,-3.37
2026-07-23,Diablos Rojos,DRM,AGS,2,#24 MICHAEL CARRERA / #9 THOMAS DRECHSEL,30.13,-2,-2.39
2026-07-23,Diablos Rojos,DRM,AGS,2,#24 MICHAEL CARRERA / #7 JOSE CRUZ,15.87,-6,-13.61
2026-07-23,Diablos Rojos,DRM,AGS,3,#24 MICHAEL CARRERA / #7 JOSE CRUZ / #9 THOMAS DRECHSEL,13.92,-5,-12.93
2026-07-23,Diablos Rojos,DRM,AGS,2,#24 MICHAEL CARRERA / #6 SANTIAGO SCALA,19.4,5,9.28
2026-07-23,Diablos Rojos,DRM,AGS,3,#24 MICHAEL CARRERA / #6 SANTIAGO SCALA / #9 THOMAS DRECHSEL,17.45,6,12.38
2026-07-23,Diablos Rojos,DRM,AGS,3,#24 MICHAEL CARRERA / #6 SANTIAGO SCALA / #7 JOSE CRUZ,12.98,-4,-11.09
2026-07-23,Diablos Rojos,DRM,AGS,4,#24 MICHAEL CARRERA / #6 SANTIAGO SCALA / #7 JOSE CRUZ / #9 THOMAS DRECHSEL,11.03,-3,-9.79
2026-07-23,Diablos Rojos,DRM,AGS,1,#23 DEVON SCOTT,26.87,-2,-2.68
2026-07-23,Diablos Rojos,DRM,AGS,2,#23 DEVON SCOTT / #9 THOMAS DRECHSEL,24.53,-1,-1.47
2026-07-23,Diablos Rojos,DRM,AGS,2,#23 DEVON SCOTT / #7 JOSE CRUZ,13.75,-4,-10.47
2026-07-23,Diablos Rojos,DRM,AGS,3,#23 DEVON SCOTT / #7 JOSE CRUZ / #9 THOMAS DRECHSEL,11.42,-3,-9.46
2026-07-23,Diablos Rojos,DRM,AGS,2,#23 DEVON SCOTT / #6 SANTIAGO SCALA,19.53,3,5.53
2026-07-23,Diablos Rojos,DRM,AGS,3,#23 DEVON SCOTT / #6 SANTIAGO SCALA / #9 THOMAS DRECHSEL,17.2,4,8.37
2026-07-23,Diablos Rojos,DRM,AGS,3,#23 DEVON SCOTT / #6 SANTIAGO SCALA / #7 JOSE CRUZ,11.3,-4,-12.74
2026-07-23,Diablos Rojos,DRM,AGS,4,#23 DEVON SCOTT / #6 SANTIAGO SCALA / #7 JOSE CRUZ / #9 THOMAS DRECHSEL,8.97,-3,-12.04
2026-07-23,Diablos Rojos,DRM,AGS,2,#23 DEVON SCOTT / #24 MICHAEL CARRERA,24.17,1,1.49
2026-07-23,Diablos Rojos,DRM,AGS,3,#23 DEVON SCOTT / #24 MICHAEL CARRERA / #9 THOMAS DRECHSEL,22.22,2,3.24
2026-07-23,Diablos Rojos,DRM,AGS,3,#23 DEVON SCOTT / #24 MICHAEL CARRERA / #7 JOSE CRUZ,12.98,-3,-8.32
2026-07-23,Diablos Rojos,DRM,AGS,4,#23 DEVON SCOTT / #24 MICHAEL CARRERA / #7 JOSE CRUZ / #9 THOMAS DRECHSEL,11.03,-2,-6.53
2026-07-23,Diablos Rojos,DRM,AGS,3,#23 DEVON SCOTT / #24 MICHAEL CARRERA / #6 SANTIAGO SCALA,17.22,5,10.45
2026-07-23,Diablos Rojos,DRM,AGS,4,#23 DEVON SCOTT / #24 MICHAEL CARRERA / #6 SANTIAGO SCALA / #9 THOMAS DRECHSEL,15.27,6,14.15
2026-07-23,Diablos Rojos,DRM,AGS,4,#23 DEVON SCOTT / #24 MICHAEL CARRERA / #6 SANTIAGO SCALA / #7 JOSE CRUZ,10.92,-4,-13.19
2026-07-23,Diablos Rojos,DRM,AGS,5,#23 DEVON SCOTT / #24 MICHAEL CARRERA / #6 SANTIAGO SCALA / #7 JOSE CRUZ / #9 THOMAS DRECHSEL,8.97,-3,-12.04
2026-07-23,Diablos Rojos,DRM,AGS,1,#0 YAN DJALO,25.75,-8,-11.18
2026-07-23,Diablos Rojos,DRM,AGS,2,#0 YAN DJALO / #9 THOMAS DRECHSEL,21.28,-3,-5.08
2026-07-23,Diablos Rojos,DRM,AGS,2,#0 YAN DJALO / #7 JOSE CRUZ,4.27,-7,-59.02
2026-07-23,Diablos Rojos,DRM,AGS,3,#0 YAN DJALO / #7 JOSE CRUZ / #9 THOMAS DRECHSEL,2.0,-4,-72.0
2026-07-23,Diablos Rojos,DRM,AGS,2,#0 YAN DJALO / #24 MICHAEL CARRERA,17.83,0,0.0
2026-07-23,Diablos Rojos,DRM,AGS,3,#0 YAN DJALO / #24 MICHAEL CARRERA / #9 THOMAS DRECHSEL,17.83,0,0.0
2026-07-23,Diablos Rojos,DRM,AGS,3,#0 YAN DJALO / #24 MICHAEL CARRERA / #7 JOSE CRUZ,1.62,-3,-66.67
2026-07-23,Diablos Rojos,DRM,AGS,4,#0 YAN DJALO / #24 MICHAEL CARRERA / #7 JOSE CRUZ / #9 THOMAS DRECHSEL,1.62,-3,-66.67
2026-07-23,Diablos Rojos,DRM,AGS,2,#0 YAN DJALO / #23 DEVON SCOTT,15.5,-2,-4.65
2026-07-23,Diablos Rojos,DRM,AGS,3,#0 YAN DJALO / #23 DEVON SCOTT / #9 THOMAS DRECHSEL,15.12,-2,-4.76
2026-07-23,Diablos Rojos,DRM,AGS,3,#0 YAN DJALO / #23 DEVON SCOTT / #7 JOSE CRUZ,2.38,-4,-60.5
2026-07-23,Diablos Rojos,DRM,AGS,4,#0 YAN DJALO / #23 DEVON SCOTT / #7 JOSE CRUZ / #9 THOMAS DRECHSEL,2.0,-4,-72.0
2026-07-23,Diablos Rojos,DRM,AGS,3,#0 YAN DJALO / #23 DEVON SCOTT / #24 MICHAEL CARRERA,12.8,1,2.81
2026-07-23,Diablos Rojos,DRM,AGS,4,#0 YAN DJALO / #23 DEVON SCOTT / #24 MICHAEL CARRERA / #9 THOMAS DRECHSEL,12.8,1,2.81
2026-07-23,Diablos Rojos,DRM,AGS,4,#0 YAN DJALO / #23 DEVON SCOTT / #24 MICHAEL CARRERA / #7 JOSE CRUZ,1.62,-3,-66.67
2026-07-23,Diablos Rojos,DRM,AGS,5,#0 YAN DJALO / #23 DEVON SCOTT / #24 MICHAEL CARRERA / #7 JOSE CRUZ / #9 THOMAS DRECHSEL,1.62,-3,-66.67
2026-07-23,Diablos Rojos,DRM,AGS,1,#66 GLENN COSEY,26.95,-7,-9.35
2026-07-23,Diablos Rojos,DRM,AGS,2,#66 GLENN COSEY / #9 THOMAS DRECHSEL,20.53,-1,-1.75
2026-07-23,Diablos Rojos,DRM,AGS,2,#66 GLENN COSEY / #7 JOSE CRUZ,7.48,-7,-33.69
2026-07-23,Diablos Rojos,DRM,AGS,3,#66 GLENN COSEY / #7 JOSE CRUZ / #9 THOMAS DRECHSEL,3.27,-3,-33.03
2026-07-23,Diablos Rojos,DRM,AGS,2,#24 MICHAEL CARRERA / #66 GLENN COSEY,20.17,1,1.78
2026-07-23,Diablos Rojos,DRM,AGS,3,#24 MICHAEL CARRERA / #66 GLENN COSEY / #9 THOMAS DRECHSEL,18.22,2,3.95
2026-07-23,Diablos Rojos,DRM,AGS,3,#24 MICHAEL CARRERA / #66 GLENN COSEY / #7 JOSE CRUZ,4.83,-3,-22.36
2026-07-23,Diablos Rojos,DRM,AGS,4,#24 MICHAEL CARRERA / #66 GLENN COSEY / #7 JOSE CRUZ / #9 THOMAS DRECHSEL,2.88,-2,-25.0
2026-07-23,Diablos Rojos,DRM,AGS,2,#0 YAN DJALO / #66 GLENN COSEY,22.12,-4,-6.51
2026-07-23,Diablos Rojos,DRM,AGS,3,#0 YAN DJALO / #66 GLENN COSEY / #9 THOMAS DRECHSEL,17.65,1,2.04
2026-07-23,Diablos Rojos,DRM,AGS,3,#0 YAN DJALO / #66 GLENN COSEY / #7 JOSE CRUZ,2.65,-4,-54.34
2026-07-23,Diablos Rojos,DRM,AGS,4,#0 YAN DJALO / #66 GLENN COSEY / #7 JOSE CRUZ / #9 THOMAS DRECHSEL,0.38,-1,-94.74
2026-07-23,Diablos Rojos,DRM,AGS,3,#0 YAN DJALO / #24 MICHAEL CARRERA / #66 GLENN COSEY,15.33,4,9.39
2026-07-23,Diablos Rojos,DRM,AGS,4,#0 YAN DJALO / #24 MICHAEL CARRERA / #66 GLENN COSEY / #9 THOMAS DRECHSEL,15.33,4,9.39
2026-07-23,Diablos Rojos,DRM,AGS,4,#0 YAN DJALO / #24 MICHAEL CARRERA / #66 GLENN COSEY / #7 JOSE CRUZ,0.0,0,0
2026-07-23,Diablos Rojos,DRM,AGS,5,#0 YAN DJALO / #24 MICHAEL CARRERA / #66 GLENN COSEY / #7 JOSE CRUZ / #9 THOMAS DRECHSEL,0.0,0,0
2026-07-23,Diablos Rojos,DRM,AGS,1,#10 BRUNO PEDRO,12.0,-9,-27.0
2026-07-23,Diablos Rojos,DRM,AGS,2,#10 BRUNO PEDRO / #9 THOMAS DRECHSEL,7.92,-4,-18.18
2026-07-23,Diablos Rojos,DRM,AGS,2,#10 BRUNO PEDRO / #66 GLENN COSEY,9.82,-9,-32.99
2026-07-23,Diablos Rojos,DRM,AGS,3,#10 BRUNO PEDRO / #66 GLENN COSEY / #9 THOMAS DRECHSEL,5.73,-4,-25.13
2026-07-23,Diablos Rojos,DRM,AGS,2,#10 BRUNO PEDRO / #24 MICHAEL CARRERA,7.92,-4,-18.18
2026-07-23,Diablos Rojos,DRM,AGS,3,#10 BRUNO PEDRO / #24 MICHAEL CARRERA / #9 THOMAS DRECHSEL,7.92,-4,-18.18
2026-07-23,Diablos Rojos,DRM,AGS,3,#10 BRUNO PEDRO / #24 MICHAEL CARRERA / #66 GLENN COSEY,5.73,-4,-25.13
2026-07-23,Diablos Rojos,DRM,AGS,4,#10 BRUNO PEDRO / #24 MICHAEL CARRERA / #66 GLENN COSEY / #9 THOMAS DRECHSEL,5.73,-4,-25.13
2026-07-23,Diablos Rojos,DRM,AGS,2,#0 YAN DJALO / #10 BRUNO PEDRO,9.12,-6,-23.68
2026-07-23,Diablos Rojos,DRM,AGS,3,#0 YAN DJALO / #10 BRUNO PEDRO / #9 THOMAS DRECHSEL,5.03,-1,-7.16
2026-07-23,Diablos Rojos,DRM,AGS,3,#0 YAN DJALO / #10 BRUNO PEDRO / #66 GLENN COSEY,9.0,-6,-24.0
2026-07-23,Diablos Rojos,DRM,AGS,4,#0 YAN DJALO / #10 BRUNO PEDRO / #66 GLENN COSEY / #9 THOMAS DRECHSEL,4.92,-1,-7.32
2026-07-23,Diablos Rojos,DRM,AGS,3,#0 YAN DJALO / #10 BRUNO PEDRO / #24 MICHAEL CARRERA,5.03,-1,-7.16
2026-07-23,Diablos Rojos,DRM,AGS,4,#0 YAN DJALO / #10 BRUNO PEDRO / #24 MICHAEL CARRERA / #9 THOMAS DRECHSEL,5.03,-1,-7.16
2026-07-23,Diablos Rojos,DRM,AGS,4,#0 YAN DJALO / #10 BRUNO PEDRO / #24 MICHAEL CARRERA / #66 GLENN COSEY,4.92,-1,-7.32
2026-07-23,Diablos Rojos,DRM,AGS,5,#0 YAN DJALO / #10 BRUNO PEDRO / #24 MICHAEL CARRERA / #66 GLENN COSEY / #9 THOMAS DRECHSEL,4.92,-1,-7.32
2026-07-23,Diablos Rojos,DRM,AGS,2,#10 BRUNO PEDRO / #6 SANTIAGO SCALA,6.27,-5,-28.71
2026-07-23,Diablos Rojos,DRM,AGS,3,#10 BRUNO PEDRO / #6 SANTIAGO SCALA / #9 THOMAS DRECHSEL,2.18,0,0.0
2026-07-23,Diablos Rojos,DRM,AGS,3,#10 BRUNO PEDRO / #24 MICHAEL CARRERA / #6 SANTIAGO SCALA,2.18,0,0.0
2026-07-23,Diablos Rojos,DRM,AGS,4,#10 BRUNO PEDRO / #24 MICHAEL CARRERA / #6 SANTIAGO SCALA / #9 THOMAS DRECHSEL,2.18,0,0.0
2026-07-23,Diablos Rojos,DRM,AGS,2,#0 YAN DJALO / #6 SANTIAGO SCALA,15.57,-1,-2.31
2026-07-23,Diablos Rojos,DRM,AGS,3,#0 YAN DJALO / #6 SANTIAGO SCALA / #9 THOMAS DRECHSEL,11.1,4,12.97
2026-07-23,Diablos Rojos,DRM,AGS,3,#0 YAN DJALO / #24 MICHAEL CARRERA / #6 SANTIAGO SCALA,8.03,6,26.9
2026-07-23,Diablos Rojos,DRM,AGS,4,#0 YAN DJALO / #24 MICHAEL CARRERA / #6 SANTIAGO SCALA / #9 THOMAS DRECHSEL,8.03,6,26.9
2026-07-23,Diablos Rojos,DRM,AGS,3,#0 YAN DJALO / #10 BRUNO PEDRO / #6 SANTIAGO SCALA,4.2,-5,-42.86
2026-07-23,Diablos Rojos,DRM,AGS,4,#0 YAN DJALO / #10 BRUNO PEDRO / #6 SANTIAGO SCALA / #9 THOMAS DRECHSEL,0.12,0,0.0
2026-07-23,Diablos Rojos,DRM,AGS,4,#0 YAN DJALO / #10 BRUNO PEDRO / #24 MICHAEL CARRERA / #6 SANTIAGO SCALA,0.12,0,0.0
2026-07-23,Diablos Rojos,DRM,AGS,5,#0 YAN DJALO / #10 BRUNO PEDRO / #24 MICHAEL CARRERA / #6 SANTIAGO SCALA / #9 THOMAS DRECHSEL,0.12,0,0.0
2026-07-23,Diablos Rojos,DRM,AGS,1,#21 PEDRO MENDOZA,3.33,-2,-21.62
2026-07-23,Diablos Rojos,DRM,AGS,2,#21 PEDRO MENDOZA / #9 THOMAS DRECHSEL,1.13,0,0.0
2026-07-23,Diablos Rojos,DRM,AGS,2,#21 PEDRO MENDOZA / #66 GLENN COSEY,2.2,-2,-32.73
2026-07-23,Diablos Rojos,DRM,AGS,3,#21 PEDRO MENDOZA / #66 GLENN COSEY / #9 THOMAS DRECHSEL,0.0,0,0
2026-07-23,Diablos Rojos,DRM,AGS,2,#10 BRUNO PEDRO / #21 PEDRO MENDOZA,2.2,-2,-32.73
2026-07-23,Diablos Rojos,DRM,AGS,3,#10 BRUNO PEDRO / #21 PEDRO MENDOZA / #9 THOMAS DRECHSEL,0.0,0,0
2026-07-23,Diablos Rojos,DRM,AGS,3,#10 BRUNO PEDRO / #21 PEDRO MENDOZA / #66 GLENN COSEY,2.2,-2,-32.73
2026-07-23,Diablos Rojos,DRM,AGS,4,#10 BRUNO PEDRO / #21 PEDRO MENDOZA / #66 GLENN COSEY / #9 THOMAS DRECHSEL,0.0,0,0
2026-07-23,Diablos Rojos,DRM,AGS,2,#0 YAN DJALO / #21 PEDRO MENDOZA,3.33,-2,-21.62
2026-07-23,Diablos Rojos,DRM,AGS,3,#0 YAN DJALO / #21 PEDRO MENDOZA / #9 THOMAS DRECHSEL,1.13,0,0.0
2026-07-23,Diablos Rojos,DRM,AGS,3,#0 YAN DJALO / #21 PEDRO MENDOZA / #66 GLENN COSEY,2.2,-2,-32.73
2026-07-23,Diablos Rojos,DRM,AGS,4,#0 YAN DJALO / #21 PEDRO MENDOZA / #66 GLENN COSEY / #9 THOMAS DRECHSEL,0.0,0,0
2026-07-23,Diablos Rojos,DRM,AGS,3,#0 YAN DJALO / #10 BRUNO PEDRO / #21 PEDRO MENDOZA,2.2,-2,-32.73
2026-07-23,Diablos Rojos,DRM,AGS,4,#0 YAN DJALO / #10 BRUNO PEDRO / #21 PEDRO MENDOZA / #9 THOMAS DRECHSEL,0.0,0,0
2026-07-23,Diablos Rojos,DRM,AGS,4,#0 YAN DJALO / #10 BRUNO PEDRO / #21 PEDRO MENDOZA / #66 GLENN COSEY,2.2,-2,-32.73
2026-07-23,Diablos Rojos,DRM,AGS,5,#0 YAN DJALO / #10 BRUNO PEDRO / #21 PEDRO MENDOZA / #66 GLENN COSEY / #9 THOMAS DRECHSEL,0.0,0,0
2026-07-23,Diablos Rojos,DRM,AGS,2,#6 SANTIAGO SCALA / #66 GLENN COSEY,13.88,2,5.19
2026-07-23,Diablos Rojos,DRM,AGS,2,#21 PEDRO MENDOZA / #6 SANTIAGO SCALA,3.33,-2,-21.62
2026-07-23,Diablos Rojos,DRM,AGS,3,#21 PEDRO MENDOZA / #6 SANTIAGO SCALA / #66 GLENN COSEY,2.2,-2,-32.73
2026-07-23,Diablos Rojos,DRM,AGS,3,#10 BRUNO PEDRO / #6 SANTIAGO SCALA / #66 GLENN COSEY,4.08,-5,-44.12
2026-07-23,Diablos Rojos,DRM,AGS,3,#10 BRUNO PEDRO / #21 PEDRO MENDOZA / #6 SANTIAGO SCALA,2.2,-2,-32.73
2026-07-23,Diablos Rojos,DRM,AGS,4,#10 BRUNO PEDRO / #21 PEDRO MENDOZA / #6 SANTIAGO SCALA / #66 GLENN COSEY,2.2,-2,-32.73
2026-07-23,Diablos Rojos,DRM,AGS,3,#0 YAN DJALO / #6 SANTIAGO SCALA / #66 GLENN COSEY,11.93,3,9.05
2026-07-23,Diablos Rojos,DRM,AGS,3,#0 YAN DJALO / #21 PEDRO MENDOZA / #6 SANTIAGO SCALA,3.33,-2,-21.62
2026-07-23,Diablos Rojos,DRM,AGS,4,#0 YAN DJALO / #21 PEDRO MENDOZA / #6 SANTIAGO SCALA / #66 GLENN COSEY,2.2,-2,-32.73
2026-07-23,Diablos Rojos,DRM,AGS,4,#0 YAN DJALO / #10 BRUNO PEDRO / #6 SANTIAGO SCALA / #66 GLENN COSEY,4.08,-5,-44.12
2026-07-23,Diablos Rojos,DRM,AGS,4,#0 YAN DJALO / #10 BRUNO PEDRO / #21 PEDRO MENDOZA / #6 SANTIAGO SCALA,2.2,-2,-32.73
2026-07-23,Diablos Rojos,DRM,AGS,5,#0 YAN DJALO / #10 BRUNO PEDRO / #21 PEDRO MENDOZA / #6 SANTIAGO SCALA / #66 GLENN COSEY,2.2,-2,-32.73
2026-07-23,Diablos Rojos,DRM,AGS,3,#6 SANTIAGO SCALA / #66 GLENN COSEY / #7 JOSE CRUZ,4.22,-4,-34.12
2026-07-23,Diablos Rojos,DRM,AGS,2,#10 BRUNO PEDRO / #7 JOSE CRUZ,4.77,-6,-45.28
2026-07-23,Diablos Rojos,DRM,AGS,3,#10 BRUNO PEDRO / #66 GLENN COSEY / #7 JOSE CRUZ,2.7,-6,-80.0
2026-07-23,Diablos Rojos,DRM,AGS,3,#10 BRUNO PEDRO / #6 SANTIAGO SCALA / #7 JOSE CRUZ,3.95,-3,-27.34
2026-07-23,Diablos Rojos,DRM,AGS,4,#10 BRUNO PEDRO / #6 SANTIAGO SCALA / #66 GLENN COSEY / #7 JOSE CRUZ,1.88,-3,-57.45
2026-07-23,Diablos Rojos,DRM,AGS,3,#0 YAN DJALO / #6 SANTIAGO SCALA / #7 JOSE CRUZ,3.88,-6,-55.67
2026-07-23,Diablos Rojos,DRM,AGS,4,#0 YAN DJALO / #6 SANTIAGO SCALA / #66 GLENN COSEY / #7 JOSE CRUZ,2.27,-3,-47.58
2026-07-23,Diablos Rojos,DRM,AGS,3,#0 YAN DJALO / #10 BRUNO PEDRO / #7 JOSE CRUZ,1.88,-3,-57.45
2026-07-23,Diablos Rojos,DRM,AGS,4,#0 YAN DJALO / #10 BRUNO PEDRO / #66 GLENN COSEY / #7 JOSE CRUZ,1.88,-3,-57.45
2026-07-23,Diablos Rojos,DRM,AGS,4,#0 YAN DJALO / #10 BRUNO PEDRO / #6 SANTIAGO SCALA / #7 JOSE CRUZ,1.88,-3,-57.45
2026-07-23,Diablos Rojos,DRM,AGS,5,#0 YAN DJALO / #10 BRUNO PEDRO / #6 SANTIAGO SCALA / #66 GLENN COSEY / #7 JOSE CRUZ,1.88,-3,-57.45
2026-07-23,Diablos Rojos,DRM,AGS,2,#23 DEVON SCOTT / #66 GLENN COSEY,17.13,2,4.2
2026-07-23,Diablos Rojos,DRM,AGS,3,#23 DEVON SCOTT / #66 GLENN COSEY / #7 JOSE CRUZ,4.78,-1,-7.53
2026-07-23,Diablos Rojos,DRM,AGS,3,#23 DEVON SCOTT / #6 SANTIAGO SCALA / #66 GLENN COSEY,9.8,7,25.71
2026-07-23,Diablos Rojos,DRM,AGS,4,#23 DEVON SCOTT / #6 SANTIAGO SCALA / #66 GLENN COSEY / #7 JOSE CRUZ,2.33,-1,-15.45
2026-07-23,Diablos Rojos,DRM,AGS,3,#0 YAN DJALO / #23 DEVON SCOTT / #66 GLENN COSEY,13.12,2,5.49
2026-07-23,Diablos Rojos,DRM,AGS,4,#0 YAN DJALO / #23 DEVON SCOTT / #66 GLENN COSEY / #7 JOSE CRUZ,0.77,-1,-46.75
2026-07-23,Diablos Rojos,DRM,AGS,3,#0 YAN DJALO / #23 DEVON SCOTT / #6 SANTIAGO SCALA,10.23,4,14.08
2026-07-23,Diablos Rojos,DRM,AGS,4,#0 YAN DJALO / #23 DEVON SCOTT / #6 SANTIAGO SCALA / #7 JOSE CRUZ,2.0,-3,-54.0
2026-07-23,Diablos Rojos,DRM,AGS,4,#0 YAN DJALO / #23 DEVON SCOTT / #6 SANTIAGO SCALA / #66 GLENN COSEY,7.85,8,36.69
2026-07-23,Diablos Rojos,DRM,AGS,5,#0 YAN DJALO / #23 DEVON SCOTT / #6 SANTIAGO SCALA / #66 GLENN COSEY / #7 JOSE CRUZ,0.38,0,0.0
2026-07-23,Diablos Rojos,DRM,AGS,3,#21 PEDRO MENDOZA / #6 SANTIAGO SCALA / #9 THOMAS DRECHSEL,1.13,0,0.0
2026-07-23,Diablos Rojos,DRM,AGS,4,#0 YAN DJALO / #21 PEDRO MENDOZA / #6 SANTIAGO SCALA / #9 THOMAS DRECHSEL,1.13,0,0.0
2026-07-23,Diablos Rojos,DRM,AGS,3,#6 SANTIAGO SCALA / #66 GLENN COSEY / #9 THOMAS DRECHSEL,7.47,8,38.55
2026-07-23,Diablos Rojos,DRM,AGS,3,#23 DEVON SCOTT / #66 GLENN COSEY / #9 THOMAS DRECHSEL,14.8,3,7.3
2026-07-23,Diablos Rojos,DRM,AGS,4,#23 DEVON SCOTT / #6 SANTIAGO SCALA / #66 GLENN COSEY / #9 THOMAS DRECHSEL,7.47,8,38.55
2026-07-23,Diablos Rojos,DRM,AGS,4,#0 YAN DJALO / #6 SANTIAGO SCALA / #66 GLENN COSEY / #9 THOMAS DRECHSEL,7.47,8,38.55
2026-07-23,Diablos Rojos,DRM,AGS,4,#0 YAN DJALO / #23 DEVON SCOTT / #66 GLENN COSEY / #9 THOMAS DRECHSEL,12.73,2,5.66
2026-07-23,Diablos Rojos,DRM,AGS,4,#0 YAN DJALO / #23 DEVON SCOTT / #6 SANTIAGO SCALA / #9 THOMAS DRECHSEL,9.85,4,14.62
2026-07-23,Diablos Rojos,DRM,AGS,5,#0 YAN DJALO / #23 DEVON SCOTT / #6 SANTIAGO SCALA / #66 GLENN COSEY / #9 THOMAS DRECHSEL,7.47,8,38.55
2026-07-23,Diablos Rojos,DRM,AGS,4,#23 DEVON SCOTT / #66 GLENN COSEY / #7 JOSE CRUZ / #9 THOMAS DRECHSEL,2.45,0,0.0
2026-07-23,Diablos Rojos,DRM,AGS,3,#23 DEVON SCOTT / #24 MICHAEL CARRERA / #66 GLENN COSEY,14.43,5,12.47
2026-07-23,Diablos Rojos,DRM,AGS,4,#23 DEVON SCOTT / #24 MICHAEL CARRERA / #66 GLENN COSEY / #9 THOMAS DRECHSEL,12.48,6,17.31
2026-07-23,Diablos Rojos,DRM,AGS,4,#23 DEVON SCOTT / #24 MICHAEL CARRERA / #66 GLENN COSEY / #7 JOSE CRUZ,4.02,0,0.0
2026-07-23,Diablos Rojos,DRM,AGS,5,#23 DEVON SCOTT / #24 MICHAEL CARRERA / #66 GLENN COSEY / #7 JOSE CRUZ / #9 THOMAS DRECHSEL,2.07,1,17.39
2026-07-23,Diablos Rojos,DRM,AGS,3,#10 BRUNO PEDRO / #7 JOSE CRUZ / #9 THOMAS DRECHSEL,2.88,-3,-37.5
2026-07-23,Diablos Rojos,DRM,AGS,4,#10 BRUNO PEDRO / #66 GLENN COSEY / #7 JOSE CRUZ / #9 THOMAS DRECHSEL,0.82,-3,-131.71
2026-07-23,Diablos Rojos,DRM,AGS,3,#10 BRUNO PEDRO / #24 MICHAEL CARRERA / #7 JOSE CRUZ,2.88,-3,-37.5
2026-07-23,Diablos Rojos,DRM,AGS,4,#10 BRUNO PEDRO / #24 MICHAEL CARRERA / #7 JOSE CRUZ / #9 THOMAS DRECHSEL,2.88,-3,-37.5
2026-07-23,Diablos Rojos,DRM,AGS,4,#10 BRUNO PEDRO / #24 MICHAEL CARRERA / #66 GLENN COSEY / #7 JOSE CRUZ,0.82,-3,-131.71
2026-07-23,Diablos Rojos,DRM,AGS,5,#10 BRUNO PEDRO / #24 MICHAEL CARRERA / #66 GLENN COSEY / #7 JOSE CRUZ / #9 THOMAS DRECHSEL,0.82,-3,-131.71
2026-07-23,Diablos Rojos,DRM,AGS,2,#10 BRUNO PEDRO / #23 DEVON SCOTT,0.0,0,0
2026-07-23,Diablos Rojos,DRM,AGS,3,#10 BRUNO PEDRO / #23 DEVON SCOTT / #9 THOMAS DRECHSEL,0.0,0,0
2026-07-23,Diablos Rojos,DRM,AGS,3,#10 BRUNO PEDRO / #23 DEVON SCOTT / #24 MICHAEL CARRERA,0.0,0,0
2026-07-23,Diablos Rojos,DRM,AGS,4,#10 BRUNO PEDRO / #23 DEVON SCOTT / #24 MICHAEL CARRERA / #9 THOMAS DRECHSEL,0.0,0,0
2026-07-23,Diablos Rojos,DRM,AGS,3,#0 YAN DJALO / #10 BRUNO PEDRO / #23 DEVON SCOTT,0.0,0,0
2026-07-23,Diablos Rojos,DRM,AGS,4,#0 YAN DJALO / #10 BRUNO PEDRO / #23 DEVON SCOTT / #9 THOMAS DRECHSEL,0.0,0,0
2026-07-23,Diablos Rojos,DRM,AGS,4,#0 YAN DJALO / #10 BRUNO PEDRO / #23 DEVON SCOTT / #24 MICHAEL CARRERA,0.0,0,0
2026-07-23,Diablos Rojos,DRM,AGS,5,#0 YAN DJALO / #10 BRUNO PEDRO / #23 DEVON SCOTT / #24 MICHAEL CARRERA / #9 THOMAS DRECHSEL,0.0,0,0
2026-07-23,Diablos Rojos,DRM,AGS,4,#0 YAN DJALO / #23 DEVON SCOTT / #24 MICHAEL CARRERA / #6 SANTIAGO SCALA,7.92,6,27.27
2026-07-23,Diablos Rojos,DRM,AGS,5,#0 YAN DJALO / #23 DEVON SCOTT / #24 MICHAEL CARRERA / #6 SANTIAGO SCALA / #9 THOMAS DRECHSEL,7.92,6,27.27
2026-07-23,Diablos Rojos,DRM,AGS,4,#0 YAN DJALO / #23 DEVON SCOTT / #24 MICHAEL CARRERA / #66 GLENN COSEY,10.42,5,17.27
2026-07-23,Diablos Rojos,DRM,AGS,5,#0 YAN DJALO / #23 DEVON SCOTT / #24 MICHAEL CARRERA / #66 GLENN COSEY / #9 THOMAS DRECHSEL,10.42,5,17.27
2026-07-23,Diablos Rojos,DRM,AGS,4,#0 YAN DJALO / #6 SANTIAGO SCALA / #7 JOSE CRUZ / #9 THOMAS DRECHSEL,1.62,-3,-66.67
2026-07-23,Diablos Rojos,DRM,AGS,4,#0 YAN DJALO / #24 MICHAEL CARRERA / #6 SANTIAGO SCALA / #7 JOSE CRUZ,1.62,-3,-66.67
2026-07-23,Diablos Rojos,DRM,AGS,5,#0 YAN DJALO / #24 MICHAEL CARRERA / #6 SANTIAGO SCALA / #7 JOSE CRUZ / #9 THOMAS DRECHSEL,1.62,-3,-66.67
2026-07-23,Diablos Rojos,DRM,AGS,5,#0 YAN DJALO / #23 DEVON SCOTT / #6 SANTIAGO SCALA / #7 JOSE CRUZ / #9 THOMAS DRECHSEL,1.62,-3,-66.67
2026-07-23,Diablos Rojos,DRM,AGS,5,#0 YAN DJALO / #23 DEVON SCOTT / #24 MICHAEL CARRERA / #6 SANTIAGO SCALA / #7 JOSE CRUZ,1.62,-3,-66.67
2026-07-23,Diablos Rojos,DRM,AGS,4,#10 BRUNO PEDRO / #6 SANTIAGO SCALA / #7 JOSE CRUZ / #9 THOMAS DRECHSEL,2.07,0,0.0
2026-07-23,Diablos Rojos,DRM,AGS,4,#10 BRUNO PEDRO / #24 MICHAEL CARRERA / #6 SANTIAGO SCALA / #7 JOSE CRUZ,2.07,0,0.0
2026-07-23,Diablos Rojos,DRM,AGS,5,#10 BRUNO PEDRO / #24 MICHAEL CARRERA / #6 SANTIAGO SCALA / #7 JOSE CRUZ / #9 THOMAS DRECHSEL,2.07,0,0.0
2026-07-23,Diablos Rojos,DRM,AGS,3,#24 MICHAEL CARRERA / #6 SANTIAGO SCALA / #66 GLENN COSEY,7.48,9,43.32
2026-07-23,Diablos Rojos,DRM,AGS,4,#24 MICHAEL CARRERA / #6 SANTIAGO SCALA / #66 GLENN COSEY / #7 JOSE CRUZ,1.95,-1,-18.46
2026-07-23,Diablos Rojos,DRM,AGS,4,#10 BRUNO PEDRO / #24 MICHAEL CARRERA / #6 SANTIAGO SCALA / #66 GLENN COSEY,0.0,0,0
2026-07-23,Diablos Rojos,DRM,AGS,5,#10 BRUNO PEDRO / #24 MICHAEL CARRERA / #6 SANTIAGO SCALA / #66 GLENN COSEY / #7 JOSE CRUZ,0.0,0,0
2026-07-23,Diablos Rojos,DRM,AGS,4,#23 DEVON SCOTT / #24 MICHAEL CARRERA / #6 SANTIAGO SCALA / #66 GLENN COSEY,7.48,9,43.32
2026-07-23,Diablos Rojos,DRM,AGS,5,#23 DEVON SCOTT / #24 MICHAEL CARRERA / #6 SANTIAGO SCALA / #66 GLENN COSEY / #7 JOSE CRUZ,1.95,-1,-18.46
2026-07-23,Diablos Rojos,DRM,AGS,4,#24 MICHAEL CARRERA / #6 SANTIAGO SCALA / #66 GLENN COSEY / #9 THOMAS DRECHSEL,5.53,10,65.1
2026-07-23,Diablos Rojos,DRM,AGS,5,#23 DEVON SCOTT / #24 MICHAEL CARRERA / #6 SANTIAGO SCALA / #66 GLENN COSEY / #9 THOMAS DRECHSEL,5.53,10,65.1
2026-07-23,Diablos Rojos,DRM,AGS,4,#0 YAN DJALO / #24 MICHAEL CARRERA / #6 SANTIAGO SCALA / #66 GLENN COSEY,5.53,10,65.1
2026-07-23,Diablos Rojos,DRM,AGS,5,#0 YAN DJALO / #24 MICHAEL CARRERA / #6 SANTIAGO SCALA / #66 GLENN COSEY / #9 THOMAS DRECHSEL,5.53,10,65.1
2026-07-23,Diablos Rojos,DRM,AGS,5,#0 YAN DJALO / #23 DEVON SCOTT / #24 MICHAEL CARRERA / #6 SANTIAGO SCALA / #66 GLENN COSEY,5.53,10,65.1
2026-07-23,Diablos Rojos,DRM,AGS,5,#0 YAN DJALO / #23 DEVON SCOTT / #66 GLENN COSEY / #7 JOSE CRUZ / #9 THOMAS DRECHSEL,0.38,-1,-94.74
2026-07-23,Panteras,AGS,DRM,1,#24 GABRIEL GIRON,31.47,15,17.16
2026-07-23,Panteras,AGS,DRM,1,#21 MIKYLE MCINTOSH,18.45,-5,-9.76
2026-07-23,Panteras,AGS,DRM,2,#21 MIKYLE MCINTOSH / #24 GABRIEL GIRON,15.52,-1,-2.32
2026-07-23,Panteras,AGS,DRM,1,#15 MIGUEL SIMON,19.35,6,11.16
2026-07-23,Panteras,AGS,DRM,2,#15 MIGUEL SIMON / #24 GABRIEL GIRON,16.13,7,15.62
2026-07-23,Panteras,AGS,DRM,2,#15 MIGUEL SIMON / #21 MIKYLE MCINTOSH,7.17,-9,-45.19
2026-07-23,Panteras,AGS,DRM,3,#15 MIGUEL SIMON / #21 MIKYLE MCINTOSH / #24 GABRIEL GIRON,5.22,-8,-55.17
2026-07-23,Panteras,AGS,DRM,1,#1 AHMED HILL,16.32,0,0.0
2026-07-23,Panteras,AGS,DRM,2,#1 AHMED HILL / #24 GABRIEL GIRON,12.12,4,11.88
2026-07-23,Panteras,AGS,DRM,2,#1 AHMED HILL / #21 MIKYLE MCINTOSH,7.12,-10,-50.56
2026-07-23,Panteras,AGS,DRM,3,#1 AHMED HILL / #21 MIKYLE MCINTOSH / #24 GABRIEL GIRON,4.18,-6,-51.67
2026-07-23,Panteras,AGS,DRM,2,#1 AHMED HILL / #15 MIGUEL SIMON,14.12,5,12.75
2026-07-23,Panteras,AGS,DRM,3,#1 AHMED HILL / #15 MIGUEL SIMON / #24 GABRIEL GIRON,10.9,6,19.82
2026-07-23,Panteras,AGS,DRM,3,#1 AHMED HILL / #15 MIGUEL SIMON / #21 MIKYLE MCINTOSH,6.13,-7,-41.11
2026-07-23,Panteras,AGS,DRM,4,#1 AHMED HILL / #15 MIGUEL SIMON / #21 MIKYLE MCINTOSH / #24 GABRIEL GIRON,4.18,-6,-51.67
2026-07-23,Panteras,AGS,DRM,1,#0 JARON MARTIN,29.13,9,11.12
2026-07-23,Panteras,AGS,DRM,2,#0 JARON MARTIN / #24 GABRIEL GIRON,25.92,10,13.89
2026-07-23,Panteras,AGS,DRM,2,#0 JARON MARTIN / #21 MIKYLE MCINTOSH,15.73,-4,-9.15
2026-07-23,Panteras,AGS,DRM,3,#0 JARON MARTIN / #21 MIKYLE MCINTOSH / #24 GABRIEL GIRON,13.78,-3,-7.84
2026-07-23,Panteras,AGS,DRM,2,#0 JARON MARTIN / #15 MIGUEL SIMON,19.35,6,11.16
2026-07-23,Panteras,AGS,DRM,3,#0 JARON MARTIN / #15 MIGUEL SIMON / #24 GABRIEL GIRON,16.13,7,15.62
2026-07-23,Panteras,AGS,DRM,3,#0 JARON MARTIN / #15 MIGUEL SIMON / #21 MIKYLE MCINTOSH,7.17,-9,-45.19
2026-07-23,Panteras,AGS,DRM,4,#0 JARON MARTIN / #15 MIGUEL SIMON / #21 MIKYLE MCINTOSH / #24 GABRIEL GIRON,5.22,-8,-55.17
2026-07-23,Panteras,AGS,DRM,2,#0 JARON MARTIN / #1 AHMED HILL,15.33,3,7.05
2026-07-23,Panteras,AGS,DRM,3,#0 JARON MARTIN / #1 AHMED HILL / #24 GABRIEL GIRON,12.12,4,11.88
2026-07-23,Panteras,AGS,DRM,3,#0 JARON MARTIN / #1 AHMED HILL / #21 MIKYLE MCINTOSH,6.13,-7,-41.11
2026-07-23,Panteras,AGS,DRM,4,#0 JARON MARTIN / #1 AHMED HILL / #21 MIKYLE MCINTOSH / #24 GABRIEL GIRON,4.18,-6,-51.67
2026-07-23,Panteras,AGS,DRM,3,#0 JARON MARTIN / #1 AHMED HILL / #15 MIGUEL SIMON,14.12,5,12.75
2026-07-23,Panteras,AGS,DRM,4,#0 JARON MARTIN / #1 AHMED HILL / #15 MIGUEL SIMON / #24 GABRIEL GIRON,10.9,6,19.82
2026-07-23,Panteras,AGS,DRM,4,#0 JARON MARTIN / #1 AHMED HILL / #15 MIGUEL SIMON / #21 MIKYLE MCINTOSH,6.13,-7,-41.11
2026-07-23,Panteras,AGS,DRM,5,#0 JARON MARTIN / #1 AHMED HILL / #15 MIGUEL SIMON / #21 MIKYLE MCINTOSH / #24 GABRIEL GIRON,4.18,-6,-51.67
2026-07-23,Panteras,AGS,DRM,1,#10 JONATAN MACHADO,22.7,12,19.03
2026-07-23,Panteras,AGS,DRM,2,#10 JONATAN MACHADO / #24 GABRIEL GIRON,17.1,12,25.26
2026-07-23,Panteras,AGS,DRM,2,#10 JONATAN MACHADO / #15 MIGUEL SIMON,12.18,15,44.33
2026-07-23,Panteras,AGS,DRM,3,#10 JONATAN MACHADO / #15 MIGUEL SIMON / #24 GABRIEL GIRON,10.92,15,49.45
2026-07-23,Panteras,AGS,DRM,2,#1 AHMED HILL / #10 JONATAN MACHADO,9.2,10,39.13
2026-07-23,Panteras,AGS,DRM,3,#1 AHMED HILL / #10 JONATAN MACHADO / #24 GABRIEL GIRON,7.93,10,45.4
2026-07-23,Panteras,AGS,DRM,3,#1 AHMED HILL / #10 JONATAN MACHADO / #15 MIGUEL SIMON,7.98,12,54.14
2026-07-23,Panteras,AGS,DRM,4,#1 AHMED HILL / #10 JONATAN MACHADO / #15 MIGUEL SIMON / #24 GABRIEL GIRON,6.72,12,64.29
2026-07-23,Panteras,AGS,DRM,2,#0 JARON MARTIN / #10 JONATAN MACHADO,16.5,10,21.82
2026-07-23,Panteras,AGS,DRM,3,#0 JARON MARTIN / #10 JONATAN MACHADO / #24 GABRIEL GIRON,15.23,10,23.64
2026-07-23,Panteras,AGS,DRM,3,#0 JARON MARTIN / #10 JONATAN MACHADO / #15 MIGUEL SIMON,12.18,15,44.33
2026-07-23,Panteras,AGS,DRM,4,#0 JARON MARTIN / #10 JONATAN MACHADO / #15 MIGUEL SIMON / #24 GABRIEL GIRON,10.92,15,49.45
2026-07-23,Panteras,AGS,DRM,3,#0 JARON MARTIN / #1 AHMED HILL / #10 JONATAN MACHADO,9.2,10,39.13
2026-07-23,Panteras,AGS,DRM,4,#0 JARON MARTIN / #1 AHMED HILL / #10 JONATAN MACHADO / #24 GABRIEL GIRON,7.93,10,45.4
2026-07-23,Panteras,AGS,DRM,4,#0 JARON MARTIN / #1 AHMED HILL / #10 JONATAN MACHADO / #15 MIGUEL SIMON,7.98,12,54.14
2026-07-23,Panteras,AGS,DRM,5,#0 JARON MARTIN / #1 AHMED HILL / #10 JONATAN MACHADO / #15 MIGUEL SIMON / #24 GABRIEL GIRON,6.72,12,64.29
2026-07-23,Panteras,AGS,DRM,1,#4 TYLER CHEESE,24.5,8,11.76
2026-07-23,Panteras,AGS,DRM,2,#24 GABRIEL GIRON / #4 TYLER CHEESE,19.18,11,20.65
2026-07-23,Panteras,AGS,DRM,2,#15 MIGUEL SIMON / #4 TYLER CHEESE,5.23,1,6.88
2026-07-23,Panteras,AGS,DRM,3,#15 MIGUEL SIMON / #24 GABRIEL GIRON / #4 TYLER CHEESE,5.23,1,6.88
2026-07-23,Panteras,AGS,DRM,2,#10 JONATAN MACHADO / #4 TYLER CHEESE,13.33,2,5.4
2026-07-23,Panteras,AGS,DRM,3,#10 JONATAN MACHADO / #24 GABRIEL GIRON / #4 TYLER CHEESE,9.0,2,8.0
2026-07-23,Panteras,AGS,DRM,3,#10 JONATAN MACHADO / #15 MIGUEL SIMON / #4 TYLER CHEESE,4.2,3,25.71
2026-07-23,Panteras,AGS,DRM,4,#10 JONATAN MACHADO / #15 MIGUEL SIMON / #24 GABRIEL GIRON / #4 TYLER CHEESE,4.2,3,25.71
2026-07-23,Panteras,AGS,DRM,2,#0 JARON MARTIN / #4 TYLER CHEESE,13.63,6,15.85
2026-07-23,Panteras,AGS,DRM,3,#0 JARON MARTIN / #24 GABRIEL GIRON / #4 TYLER CHEESE,13.63,6,15.85
2026-07-23,Panteras,AGS,DRM,3,#0 JARON MARTIN / #15 MIGUEL SIMON / #4 TYLER CHEESE,5.23,1,6.88
2026-07-23,Panteras,AGS,DRM,4,#0 JARON MARTIN / #15 MIGUEL SIMON / #24 GABRIEL GIRON / #4 TYLER CHEESE,5.23,1,6.88
2026-07-23,Panteras,AGS,DRM,3,#0 JARON MARTIN / #10 JONATAN MACHADO / #4 TYLER CHEESE,7.13,0,0.0
2026-07-23,Panteras,AGS,DRM,4,#0 JARON MARTIN / #10 JONATAN MACHADO / #24 GABRIEL GIRON / #4 TYLER CHEESE,7.13,0,0.0
2026-07-23,Panteras,AGS,DRM,4,#0 JARON MARTIN / #10 JONATAN MACHADO / #15 MIGUEL SIMON / #4 TYLER CHEESE,4.2,3,25.71
2026-07-23,Panteras,AGS,DRM,5,#0 JARON MARTIN / #10 JONATAN MACHADO / #15 MIGUEL SIMON / #24 GABRIEL GIRON / #4 TYLER CHEESE,4.2,3,25.71
2026-07-23,Panteras,AGS,DRM,1,#5 DAIVIEN WILLIAMSON,15.0,0,0.0
2026-07-23,Panteras,AGS,DRM,2,#4 TYLER CHEESE / #5 DAIVIEN WILLIAMSON,11.62,1,3.1
2026-07-23,Panteras,AGS,DRM,2,#15 MIGUEL SIMON / #5 DAIVIEN WILLIAMSON,3.97,-2,-18.14
2026-07-23,Panteras,AGS,DRM,3,#15 MIGUEL SIMON / #4 TYLER CHEESE / #5 DAIVIEN WILLIAMSON,0.75,-1,-48.0
2026-07-23,Panteras,AGS,DRM,2,#10 JONATAN MACHADO / #5 DAIVIEN WILLIAMSON,8.38,1,4.3
2026-07-23,Panteras,AGS,DRM,3,#10 JONATAN MACHADO / #4 TYLER CHEESE / #5 DAIVIEN WILLIAMSON,6.95,1,5.18
2026-07-23,Panteras,AGS,DRM,3,#10 JONATAN MACHADO / #15 MIGUEL SIMON / #5 DAIVIEN WILLIAMSON,2.02,-1,-17.82
2026-07-23,Panteras,AGS,DRM,4,#10 JONATAN MACHADO / #15 MIGUEL SIMON / #4 TYLER CHEESE / #5 DAIVIEN WILLIAMSON,0.75,-1,-48.0
2026-07-23,Panteras,AGS,DRM,2,#0 JARON MARTIN / #5 DAIVIEN WILLIAMSON,4.13,-2,-17.43
2026-07-23,Panteras,AGS,DRM,3,#0 JARON MARTIN / #4 TYLER CHEESE / #5 DAIVIEN WILLIAMSON,0.75,-1,-48.0
2026-07-23,Panteras,AGS,DRM,3,#0 JARON MARTIN / #15 MIGUEL SIMON / #5 DAIVIEN WILLIAMSON,3.97,-2,-18.14
2026-07-23,Panteras,AGS,DRM,4,#0 JARON MARTIN / #15 MIGUEL SIMON / #4 TYLER CHEESE / #5 DAIVIEN WILLIAMSON,0.75,-1,-48.0
2026-07-23,Panteras,AGS,DRM,3,#0 JARON MARTIN / #10 JONATAN MACHADO / #5 DAIVIEN WILLIAMSON,2.18,-1,-16.51
2026-07-23,Panteras,AGS,DRM,4,#0 JARON MARTIN / #10 JONATAN MACHADO / #4 TYLER CHEESE / #5 DAIVIEN WILLIAMSON,0.75,-1,-48.0
2026-07-23,Panteras,AGS,DRM,4,#0 JARON MARTIN / #10 JONATAN MACHADO / #15 MIGUEL SIMON / #5 DAIVIEN WILLIAMSON,2.02,-1,-17.82
2026-07-23,Panteras,AGS,DRM,5,#0 JARON MARTIN / #10 JONATAN MACHADO / #15 MIGUEL SIMON / #4 TYLER CHEESE / #5 DAIVIEN WILLIAMSON,0.75,-1,-48.0
2026-07-23,Panteras,AGS,DRM,1,#2 SHAUN WILLETT,4.33,0,0.0
2026-07-23,Panteras,AGS,DRM,2,#2 SHAUN WILLETT / #5 DAIVIEN WILLIAMSON,4.33,0,0.0
2026-07-23,Panteras,AGS,DRM,2,#2 SHAUN WILLETT / #4 TYLER CHEESE,4.33,0,0.0
2026-07-23,Panteras,AGS,DRM,3,#2 SHAUN WILLETT / #4 TYLER CHEESE / #5 DAIVIEN WILLIAMSON,4.33,0,0.0
2026-07-23,Panteras,AGS,DRM,2,#15 MIGUEL SIMON / #2 SHAUN WILLETT,0.0,0,0
2026-07-23,Panteras,AGS,DRM,3,#15 MIGUEL SIMON / #2 SHAUN WILLETT / #5 DAIVIEN WILLIAMSON,0.0,0,0
2026-07-23,Panteras,AGS,DRM,3,#15 MIGUEL SIMON / #2 SHAUN WILLETT / #4 TYLER CHEESE,0.0,0,0
2026-07-23,Panteras,AGS,DRM,4,#15 MIGUEL SIMON / #2 SHAUN WILLETT / #4 TYLER CHEESE / #5 DAIVIEN WILLIAMSON,0.0,0,0
2026-07-23,Panteras,AGS,DRM,2,#10 JONATAN MACHADO / #2 SHAUN WILLETT,4.33,0,0.0
2026-07-23,Panteras,AGS,DRM,3,#10 JONATAN MACHADO / #2 SHAUN WILLETT / #5 DAIVIEN WILLIAMSON,4.33,0,0.0
2026-07-23,Panteras,AGS,DRM,3,#10 JONATAN MACHADO / #2 SHAUN WILLETT / #4 TYLER CHEESE,4.33,0,0.0
2026-07-23,Panteras,AGS,DRM,4,#10 JONATAN MACHADO / #2 SHAUN WILLETT / #4 TYLER CHEESE / #5 DAIVIEN WILLIAMSON,4.33,0,0.0
2026-07-23,Panteras,AGS,DRM,3,#10 JONATAN MACHADO / #15 MIGUEL SIMON / #2 SHAUN WILLETT,0.0,0,0
2026-07-23,Panteras,AGS,DRM,4,#10 JONATAN MACHADO / #15 MIGUEL SIMON / #2 SHAUN WILLETT / #5 DAIVIEN WILLIAMSON,0.0,0,0
2026-07-23,Panteras,AGS,DRM,4,#10 JONATAN MACHADO / #15 MIGUEL SIMON / #2 SHAUN WILLETT / #4 TYLER CHEESE,0.0,0,0
2026-07-23,Panteras,AGS,DRM,5,#10 JONATAN MACHADO / #15 MIGUEL SIMON / #2 SHAUN WILLETT / #4 TYLER CHEESE / #5 DAIVIEN WILLIAMSON,0.0,0,0
2026-07-23,Panteras,AGS,DRM,1,#3 JALIN BILLINGSLEY,9.7,1,3.71
2026-07-23,Panteras,AGS,DRM,2,#3 JALIN BILLINGSLEY / #5 DAIVIEN WILLIAMSON,6.72,3,16.07
2026-07-23,Panteras,AGS,DRM,2,#3 JALIN BILLINGSLEY / #4 TYLER CHEESE,9.7,1,3.71
2026-07-23,Panteras,AGS,DRM,3,#3 JALIN BILLINGSLEY / #4 TYLER CHEESE / #5 DAIVIEN WILLIAMSON,6.72,3,16.07
2026-07-23,Panteras,AGS,DRM,2,#2 SHAUN WILLETT / #3 JALIN BILLINGSLEY,2.82,0,0.0
2026-07-23,Panteras,AGS,DRM,3,#2 SHAUN WILLETT / #3 JALIN BILLINGSLEY / #5 DAIVIEN WILLIAMSON,2.82,0,0.0
2026-07-23,Panteras,AGS,DRM,3,#2 SHAUN WILLETT / #3 JALIN BILLINGSLEY / #4 TYLER CHEESE,2.82,0,0.0
2026-07-23,Panteras,AGS,DRM,4,#2 SHAUN WILLETT / #3 JALIN BILLINGSLEY / #4 TYLER CHEESE / #5 DAIVIEN WILLIAMSON,2.82,0,0.0
2026-07-23,Panteras,AGS,DRM,2,#10 JONATAN MACHADO / #3 JALIN BILLINGSLEY,2.82,0,0.0
2026-07-23,Panteras,AGS,DRM,3,#10 JONATAN MACHADO / #3 JALIN BILLINGSLEY / #5 DAIVIEN WILLIAMSON,2.82,0,0.0
2026-07-23,Panteras,AGS,DRM,3,#10 JONATAN MACHADO / #3 JALIN BILLINGSLEY / #4 TYLER CHEESE,2.82,0,0.0
2026-07-23,Panteras,AGS,DRM,4,#10 JONATAN MACHADO / #3 JALIN BILLINGSLEY / #4 TYLER CHEESE / #5 DAIVIEN WILLIAMSON,2.82,0,0.0
2026-07-23,Panteras,AGS,DRM,3,#10 JONATAN MACHADO / #2 SHAUN WILLETT / #3 JALIN BILLINGSLEY,2.82,0,0.0
2026-07-23,Panteras,AGS,DRM,4,#10 JONATAN MACHADO / #2 SHAUN WILLETT / #3 JALIN BILLINGSLEY / #5 DAIVIEN WILLIAMSON,2.82,0,0.0
2026-07-23,Panteras,AGS,DRM,4,#10 JONATAN MACHADO / #2 SHAUN WILLETT / #3 JALIN BILLINGSLEY / #4 TYLER CHEESE,2.82,0,0.0
2026-07-23,Panteras,AGS,DRM,5,#10 JONATAN MACHADO / #2 SHAUN WILLETT / #3 JALIN BILLINGSLEY / #4 TYLER CHEESE / #5 DAIVIEN WILLIAMSON,2.82,0,0.0
2026-07-23,Panteras,AGS,DRM,1,#7 JORGE DE LA SERNA,6.72,7,37.5
2026-07-23,Panteras,AGS,DRM,2,#5 DAIVIEN WILLIAMSON / #7 JORGE DE LA SERNA,3.02,-1,-11.92
2026-07-23,Panteras,AGS,DRM,2,#4 TYLER CHEESE / #7 JORGE DE LA SERNA,5.5,9,58.91
2026-07-23,Panteras,AGS,DRM,3,#4 TYLER CHEESE / #5 DAIVIEN WILLIAMSON / #7 JORGE DE LA SERNA,3.02,-1,-11.92
2026-07-23,Panteras,AGS,DRM,2,#2 SHAUN WILLETT / #7 JORGE DE LA SERNA,0.38,0,0.0
2026-07-23,Panteras,AGS,DRM,3,#2 SHAUN WILLETT / #5 DAIVIEN WILLIAMSON / #7 JORGE DE LA SERNA,0.38,0,0.0
2026-07-23,Panteras,AGS,DRM,3,#2 SHAUN WILLETT / #4 TYLER CHEESE / #7 JORGE DE LA SERNA,0.38,0,0.0
2026-07-23,Panteras,AGS,DRM,4,#2 SHAUN WILLETT / #4 TYLER CHEESE / #5 DAIVIEN WILLIAMSON / #7 JORGE DE LA SERNA,0.38,0,0.0
2026-07-23,Panteras,AGS,DRM,2,#10 JONATAN MACHADO / #7 JORGE DE LA SERNA,3.47,0,0.0
2026-07-23,Panteras,AGS,DRM,3,#10 JONATAN MACHADO / #5 DAIVIEN WILLIAMSON / #7 JORGE DE LA SERNA,2.25,2,32.0
2026-07-23,Panteras,AGS,DRM,3,#10 JONATAN MACHADO / #4 TYLER CHEESE / #7 JORGE DE LA SERNA,2.25,2,32.0
2026-07-23,Panteras,AGS,DRM,4,#10 JONATAN MACHADO / #4 TYLER CHEESE / #5 DAIVIEN WILLIAMSON / #7 JORGE DE LA SERNA,2.25,2,32.0
2026-07-23,Panteras,AGS,DRM,3,#10 JONATAN MACHADO / #2 SHAUN WILLETT / #7 JORGE DE LA SERNA,0.38,0,0.0
2026-07-23,Panteras,AGS,DRM,4,#10 JONATAN MACHADO / #2 SHAUN WILLETT / #5 DAIVIEN WILLIAMSON / #7 JORGE DE LA SERNA,0.38,0,0.0
2026-07-23,Panteras,AGS,DRM,4,#10 JONATAN MACHADO / #2 SHAUN WILLETT / #4 TYLER CHEESE / #7 JORGE DE LA SERNA,0.38,0,0.0
2026-07-23,Panteras,AGS,DRM,5,#10 JONATAN MACHADO / #2 SHAUN WILLETT / #4 TYLER CHEESE / #5 DAIVIEN WILLIAMSON / #7 JORGE DE LA SERNA,0.38,0,0.0
2026-07-23,Panteras,AGS,DRM,2,#24 GABRIEL GIRON / #7 JORGE DE LA SERNA,6.33,7,39.81
2026-07-23,Panteras,AGS,DRM,2,#24 GABRIEL GIRON / #5 DAIVIEN WILLIAMSON,6.47,4,22.26
2026-07-23,Panteras,AGS,DRM,3,#24 GABRIEL GIRON / #5 DAIVIEN WILLIAMSON / #7 JORGE DE LA SERNA,2.63,-1,-13.69
2026-07-23,Panteras,AGS,DRM,3,#24 GABRIEL GIRON / #4 TYLER CHEESE / #7 JORGE DE LA SERNA,5.12,9,63.28
2026-07-23,Panteras,AGS,DRM,3,#24 GABRIEL GIRON / #4 TYLER CHEESE / #5 DAIVIEN WILLIAMSON,6.3,4,22.86
2026-07-23,Panteras,AGS,DRM,4,#24 GABRIEL GIRON / #4 TYLER CHEESE / #5 DAIVIEN WILLIAMSON / #7 JORGE DE LA SERNA,2.63,-1,-13.69
2026-07-23,Panteras,AGS,DRM,3,#10 JONATAN MACHADO / #24 GABRIEL GIRON / #7 JORGE DE LA SERNA,3.08,0,0.0
2026-07-23,Panteras,AGS,DRM,3,#10 JONATAN MACHADO / #24 GABRIEL GIRON / #5 DAIVIEN WILLIAMSON,2.78,1,12.95
2026-07-23,Panteras,AGS,DRM,4,#10 JONATAN MACHADO / #24 GABRIEL GIRON / #5 DAIVIEN WILLIAMSON / #7 JORGE DE LA SERNA,1.87,2,38.5
2026-07-23,Panteras,AGS,DRM,4,#10 JONATAN MACHADO / #24 GABRIEL GIRON / #4 TYLER CHEESE / #7 JORGE DE LA SERNA,1.87,2,38.5
2026-07-23,Panteras,AGS,DRM,4,#10 JONATAN MACHADO / #24 GABRIEL GIRON / #4 TYLER CHEESE / #5 DAIVIEN WILLIAMSON,2.62,1,13.74
2026-07-23,Panteras,AGS,DRM,5,#10 JONATAN MACHADO / #24 GABRIEL GIRON / #4 TYLER CHEESE / #5 DAIVIEN WILLIAMSON / #7 JORGE DE LA SERNA,1.87,2,38.5
2026-07-23,Panteras,AGS,DRM,2,#21 MIKYLE MCINTOSH / #7 JORGE DE LA SERNA,3.25,7,77.54
2026-07-23,Panteras,AGS,DRM,2,#21 MIKYLE MCINTOSH / #5 DAIVIEN WILLIAMSON,4.83,-2,-14.91
2026-07-23,Panteras,AGS,DRM,3,#21 MIKYLE MCINTOSH / #5 DAIVIEN WILLIAMSON / #7 JORGE DE LA SERNA,0.77,-3,-140.26
2026-07-23,Panteras,AGS,DRM,2,#21 MIKYLE MCINTOSH / #4 TYLER CHEESE,12.15,2,5.93
2026-07-23,Panteras,AGS,DRM,3,#21 MIKYLE MCINTOSH / #4 TYLER CHEESE / #7 JORGE DE LA SERNA,3.25,7,77.54
2026-07-23,Panteras,AGS,DRM,3,#21 MIKYLE MCINTOSH / #4 TYLER CHEESE / #5 DAIVIEN WILLIAMSON,2.72,-1,-13.24
2026-07-23,Panteras,AGS,DRM,4,#21 MIKYLE MCINTOSH / #4 TYLER CHEESE / #5 DAIVIEN WILLIAMSON / #7 JORGE DE LA SERNA,0.77,-3,-140.26
2026-07-23,Panteras,AGS,DRM,3,#21 MIKYLE MCINTOSH / #24 GABRIEL GIRON / #7 JORGE DE LA SERNA,3.25,7,77.54
2026-07-23,Panteras,AGS,DRM,3,#21 MIKYLE MCINTOSH / #24 GABRIEL GIRON / #5 DAIVIEN WILLIAMSON,1.9,2,37.89
2026-07-23,Panteras,AGS,DRM,4,#21 MIKYLE MCINTOSH / #24 GABRIEL GIRON / #5 DAIVIEN WILLIAMSON / #7 JORGE DE LA SERNA,0.77,-3,-140.26
2026-07-23,Panteras,AGS,DRM,3,#21 MIKYLE MCINTOSH / #24 GABRIEL GIRON / #4 TYLER CHEESE,11.17,5,16.11
2026-07-23,Panteras,AGS,DRM,4,#21 MIKYLE MCINTOSH / #24 GABRIEL GIRON / #4 TYLER CHEESE / #7 JORGE DE LA SERNA,3.25,7,77.54
2026-07-23,Panteras,AGS,DRM,4,#21 MIKYLE MCINTOSH / #24 GABRIEL GIRON / #4 TYLER CHEESE / #5 DAIVIEN WILLIAMSON,1.73,2,41.62
2026-07-23,Panteras,AGS,DRM,5,#21 MIKYLE MCINTOSH / #24 GABRIEL GIRON / #4 TYLER CHEESE / #5 DAIVIEN WILLIAMSON / #7 JORGE DE LA SERNA,0.77,-3,-140.26
2026-07-23,Panteras,AGS,DRM,2,#15 MIGUEL SIMON / #7 JORGE DE LA SERNA,0.0,0,0
2026-07-23,Panteras,AGS,DRM,3,#15 MIGUEL SIMON / #4 TYLER CHEESE / #7 JORGE DE LA SERNA,0.0,0,0
2026-07-23,Panteras,AGS,DRM,3,#15 MIGUEL SIMON / #24 GABRIEL GIRON / #7 JORGE DE LA SERNA,0.0,0,0
2026-07-23,Panteras,AGS,DRM,4,#15 MIGUEL SIMON / #24 GABRIEL GIRON / #4 TYLER CHEESE / #7 JORGE DE LA SERNA,0.0,0,0
2026-07-23,Panteras,AGS,DRM,3,#15 MIGUEL SIMON / #21 MIKYLE MCINTOSH / #7 JORGE DE LA SERNA,0.0,0,0
2026-07-23,Panteras,AGS,DRM,3,#15 MIGUEL SIMON / #21 MIKYLE MCINTOSH / #4 TYLER CHEESE,1.03,-2,-69.9
2026-07-23,Panteras,AGS,DRM,4,#15 MIGUEL SIMON / #21 MIKYLE MCINTOSH / #4 TYLER CHEESE / #7 JORGE DE LA SERNA,0.0,0,0
2026-07-23,Panteras,AGS,DRM,4,#15 MIGUEL SIMON / #21 MIKYLE MCINTOSH / #24 GABRIEL GIRON / #7 JORGE DE LA SERNA,0.0,0,0
2026-07-23,Panteras,AGS,DRM,4,#15 MIGUEL SIMON / #21 MIKYLE MCINTOSH / #24 GABRIEL GIRON / #4 TYLER CHEESE,1.03,-2,-69.9
2026-07-23,Panteras,AGS,DRM,5,#15 MIGUEL SIMON / #21 MIKYLE MCINTOSH / #24 GABRIEL GIRON / #4 TYLER CHEESE / #7 JORGE DE LA SERNA,0.0,0,0
2026-07-23,Panteras,AGS,DRM,3,#0 JARON MARTIN / #21 MIKYLE MCINTOSH / #4 TYLER CHEESE,9.43,3,11.45
2026-07-23,Panteras,AGS,DRM,4,#0 JARON MARTIN / #21 MIKYLE MCINTOSH / #24 GABRIEL GIRON / #4 TYLER CHEESE,9.43,3,11.45
2026-07-23,Panteras,AGS,DRM,4,#0 JARON MARTIN / #15 MIGUEL SIMON / #21 MIKYLE MCINTOSH / #4 TYLER CHEESE,1.03,-2,-69.9
2026-07-23,Panteras,AGS,DRM,5,#0 JARON MARTIN / #15 MIGUEL SIMON / #21 MIKYLE MCINTOSH / #24 GABRIEL GIRON / #4 TYLER CHEESE,1.03,-2,-69.9
2026-07-23,Panteras,AGS,DRM,2,#1 AHMED HILL / #7 JORGE DE LA SERNA,1.22,-2,-59.02
2026-07-23,Panteras,AGS,DRM,3,#1 AHMED HILL / #24 GABRIEL GIRON / #7 JORGE DE LA SERNA,1.22,-2,-59.02
2026-07-23,Panteras,AGS,DRM,3,#1 AHMED HILL / #10 JONATAN MACHADO / #7 JORGE DE LA SERNA,1.22,-2,-59.02
2026-07-23,Panteras,AGS,DRM,4,#1 AHMED HILL / #10 JONATAN MACHADO / #24 GABRIEL GIRON / #7 JORGE DE LA SERNA,1.22,-2,-59.02
2026-07-23,Panteras,AGS,DRM,2,#0 JARON MARTIN / #7 JORGE DE LA SERNA,3.7,8,77.84
2026-07-23,Panteras,AGS,DRM,3,#0 JARON MARTIN / #24 GABRIEL GIRON / #7 JORGE DE LA SERNA,3.7,8,77.84
2026-07-23,Panteras,AGS,DRM,3,#0 JARON MARTIN / #10 JONATAN MACHADO / #7 JORGE DE LA SERNA,1.22,-2,-59.02
2026-07-23,Panteras,AGS,DRM,4,#0 JARON MARTIN / #10 JONATAN MACHADO / #24 GABRIEL GIRON / #7 JORGE DE LA SERNA,1.22,-2,-59.02
2026-07-23,Panteras,AGS,DRM,3,#0 JARON MARTIN / #1 AHMED HILL / #7 JORGE DE LA SERNA,1.22,-2,-59.02
2026-07-23,Panteras,AGS,DRM,4,#0 JARON MARTIN / #1 AHMED HILL / #24 GABRIEL GIRON / #7 JORGE DE LA SERNA,1.22,-2,-59.02
2026-07-23,Panteras,AGS,DRM,4,#0 JARON MARTIN / #1 AHMED HILL / #10 JONATAN MACHADO / #7 JORGE DE LA SERNA,1.22,-2,-59.02
2026-07-23,Panteras,AGS,DRM,5,#0 JARON MARTIN / #1 AHMED HILL / #10 JONATAN MACHADO / #24 GABRIEL GIRON / #7 JORGE DE LA SERNA,1.22,-2,-59.02
2026-07-23,Panteras,AGS,DRM,3,#0 JARON MARTIN / #4 TYLER CHEESE / #7 JORGE DE LA SERNA,2.48,10,145.16
2026-07-23,Panteras,AGS,DRM,4,#0 JARON MARTIN / #24 GABRIEL GIRON / #4 TYLER CHEESE / #7 JORGE DE LA SERNA,2.48,10,145.16
2026-07-23,Panteras,AGS,DRM,4,#0 JARON MARTIN / #10 JONATAN MACHADO / #4 TYLER CHEESE / #7 JORGE DE LA SERNA,0.0,0,0
2026-07-23,Panteras,AGS,DRM,5,#0 JARON MARTIN / #10 JONATAN MACHADO / #24 GABRIEL GIRON / #4 TYLER CHEESE / #7 JORGE DE LA SERNA,0.0,0,0
2026-07-23,Panteras,AGS,DRM,3,#0 JARON MARTIN / #21 MIKYLE MCINTOSH / #7 JORGE DE LA SERNA,2.48,10,145.16
2026-07-23,Panteras,AGS,DRM,4,#0 JARON MARTIN / #21 MIKYLE MCINTOSH / #4 TYLER CHEESE / #7 JORGE DE LA SERNA,2.48,10,145.16
2026-07-23,Panteras,AGS,DRM,4,#0 JARON MARTIN / #21 MIKYLE MCINTOSH / #24 GABRIEL GIRON / #7 JORGE DE LA SERNA,2.48,10,145.16
2026-07-23,Panteras,AGS,DRM,5,#0 JARON MARTIN / #21 MIKYLE MCINTOSH / #24 GABRIEL GIRON / #4 TYLER CHEESE / #7 JORGE DE LA SERNA,2.48,10,145.16
2026-07-23,Panteras,AGS,DRM,2,#24 GABRIEL GIRON / #3 JALIN BILLINGSLEY,5.9,4,24.41
2026-07-23,Panteras,AGS,DRM,3,#24 GABRIEL GIRON / #3 JALIN BILLINGSLEY / #4 TYLER CHEESE,5.9,4,24.41
2026-07-23,Panteras,AGS,DRM,2,#21 MIKYLE MCINTOSH / #3 JALIN BILLINGSLEY,4.93,0,0.0
2026-07-23,Panteras,AGS,DRM,3,#21 MIKYLE MCINTOSH / #3 JALIN BILLINGSLEY / #4 TYLER CHEESE,4.93,0,0.0
2026-07-23,Panteras,AGS,DRM,3,#21 MIKYLE MCINTOSH / #24 GABRIEL GIRON / #3 JALIN BILLINGSLEY,3.95,3,27.34
2026-07-23,Panteras,AGS,DRM,4,#21 MIKYLE MCINTOSH / #24 GABRIEL GIRON / #3 JALIN BILLINGSLEY / #4 TYLER CHEESE,3.95,3,27.34
2026-07-23,Panteras,AGS,DRM,2,#0 JARON MARTIN / #3 JALIN BILLINGSLEY,2.98,-2,-24.16
2026-07-23,Panteras,AGS,DRM,3,#0 JARON MARTIN / #3 JALIN BILLINGSLEY / #4 TYLER CHEESE,2.98,-2,-24.16
2026-07-23,Panteras,AGS,DRM,3,#0 JARON MARTIN / #24 GABRIEL GIRON / #3 JALIN BILLINGSLEY,2.98,-2,-24.16
2026-07-23,Panteras,AGS,DRM,4,#0 JARON MARTIN / #24 GABRIEL GIRON / #3 JALIN BILLINGSLEY / #4 TYLER CHEESE,2.98,-2,-24.16
2026-07-23,Panteras,AGS,DRM,3,#0 JARON MARTIN / #21 MIKYLE MCINTOSH / #3 JALIN BILLINGSLEY,2.98,-2,-24.16
2026-07-23,Panteras,AGS,DRM,4,#0 JARON MARTIN / #21 MIKYLE MCINTOSH / #3 JALIN BILLINGSLEY / #4 TYLER CHEESE,2.98,-2,-24.16
2026-07-23,Panteras,AGS,DRM,4,#0 JARON MARTIN / #21 MIKYLE MCINTOSH / #24 GABRIEL GIRON / #3 JALIN BILLINGSLEY,2.98,-2,-24.16
2026-07-23,Panteras,AGS,DRM,5,#0 JARON MARTIN / #21 MIKYLE MCINTOSH / #24 GABRIEL GIRON / #3 JALIN BILLINGSLEY / #4 TYLER CHEESE,2.98,-2,-24.16
2026-07-23,Panteras,AGS,DRM,3,#24 GABRIEL GIRON / #3 JALIN BILLINGSLEY / #5 DAIVIEN WILLIAMSON,2.92,6,73.97
2026-07-23,Panteras,AGS,DRM,4,#24 GABRIEL GIRON / #3 JALIN BILLINGSLEY / #4 TYLER CHEESE / #5 DAIVIEN WILLIAMSON,2.92,6,73.97
2026-07-23,Panteras,AGS,DRM,3,#21 MIKYLE MCINTOSH / #3 JALIN BILLINGSLEY / #5 DAIVIEN WILLIAMSON,1.95,2,36.92
2026-07-23,Panteras,AGS,DRM,4,#21 MIKYLE MCINTOSH / #3 JALIN BILLINGSLEY / #4 TYLER CHEESE / #5 DAIVIEN WILLIAMSON,1.95,2,36.92
2026-07-23,Panteras,AGS,DRM,4,#21 MIKYLE MCINTOSH / #24 GABRIEL GIRON / #3 JALIN BILLINGSLEY / #5 DAIVIEN WILLIAMSON,0.97,5,185.57
2026-07-23,Panteras,AGS,DRM,5,#21 MIKYLE MCINTOSH / #24 GABRIEL GIRON / #3 JALIN BILLINGSLEY / #4 TYLER CHEESE / #5 DAIVIEN WILLIAMSON,0.97,5,185.57
2026-07-23,Panteras,AGS,DRM,2,#1 AHMED HILL / #5 DAIVIEN WILLIAMSON,4.2,-4,-34.29
2026-07-23,Panteras,AGS,DRM,2,#1 AHMED HILL / #4 TYLER CHEESE,0.98,-3,-110.2
2026-07-23,Panteras,AGS,DRM,3,#1 AHMED HILL / #4 TYLER CHEESE / #5 DAIVIEN WILLIAMSON,0.98,-3,-110.2
2026-07-23,Panteras,AGS,DRM,2,#1 AHMED HILL / #3 JALIN BILLINGSLEY,0.98,-3,-110.2
2026-07-23,Panteras,AGS,DRM,3,#1 AHMED HILL / #3 JALIN BILLINGSLEY / #5 DAIVIEN WILLIAMSON,0.98,-3,-110.2
2026-07-23,Panteras,AGS,DRM,3,#1 AHMED HILL / #3 JALIN BILLINGSLEY / #4 TYLER CHEESE,0.98,-3,-110.2
2026-07-23,Panteras,AGS,DRM,4,#1 AHMED HILL / #3 JALIN BILLINGSLEY / #4 TYLER CHEESE / #5 DAIVIEN WILLIAMSON,0.98,-3,-110.2
2026-07-23,Panteras,AGS,DRM,3,#1 AHMED HILL / #21 MIKYLE MCINTOSH / #5 DAIVIEN WILLIAMSON,2.93,-4,-49.15
2026-07-23,Panteras,AGS,DRM,3,#1 AHMED HILL / #21 MIKYLE MCINTOSH / #4 TYLER CHEESE,0.98,-3,-110.2
2026-07-23,Panteras,AGS,DRM,4,#1 AHMED HILL / #21 MIKYLE MCINTOSH / #4 TYLER CHEESE / #5 DAIVIEN WILLIAMSON,0.98,-3,-110.2
2026-07-23,Panteras,AGS,DRM,3,#1 AHMED HILL / #21 MIKYLE MCINTOSH / #3 JALIN BILLINGSLEY,0.98,-3,-110.2
2026-07-23,Panteras,AGS,DRM,4,#1 AHMED HILL / #21 MIKYLE MCINTOSH / #3 JALIN BILLINGSLEY / #5 DAIVIEN WILLIAMSON,0.98,-3,-110.2
2026-07-23,Panteras,AGS,DRM,4,#1 AHMED HILL / #21 MIKYLE MCINTOSH / #3 JALIN BILLINGSLEY / #4 TYLER CHEESE,0.98,-3,-110.2
2026-07-23,Panteras,AGS,DRM,5,#1 AHMED HILL / #21 MIKYLE MCINTOSH / #3 JALIN BILLINGSLEY / #4 TYLER CHEESE / #5 DAIVIEN WILLIAMSON,0.98,-3,-110.2
2026-07-23,Panteras,AGS,DRM,3,#15 MIGUEL SIMON / #21 MIKYLE MCINTOSH / #5 DAIVIEN WILLIAMSON,1.95,-1,-18.46
2026-07-23,Panteras,AGS,DRM,4,#15 MIGUEL SIMON / #21 MIKYLE MCINTOSH / #4 TYLER CHEESE / #5 DAIVIEN WILLIAMSON,0.0,0,0
2026-07-23,Panteras,AGS,DRM,3,#1 AHMED HILL / #15 MIGUEL SIMON / #5 DAIVIEN WILLIAMSON,3.22,-1,-11.18
2026-07-23,Panteras,AGS,DRM,3,#1 AHMED HILL / #15 MIGUEL SIMON / #4 TYLER CHEESE,0.0,0,0
2026-07-23,Panteras,AGS,DRM,4,#1 AHMED HILL / #15 MIGUEL SIMON / #4 TYLER CHEESE / #5 DAIVIEN WILLIAMSON,0.0,0,0
2026-07-23,Panteras,AGS,DRM,4,#1 AHMED HILL / #15 MIGUEL SIMON / #21 MIKYLE MCINTOSH / #5 DAIVIEN WILLIAMSON,1.95,-1,-18.46
2026-07-23,Panteras,AGS,DRM,4,#1 AHMED HILL / #15 MIGUEL SIMON / #21 MIKYLE MCINTOSH / #4 TYLER CHEESE,0.0,0,0
2026-07-23,Panteras,AGS,DRM,5,#1 AHMED HILL / #15 MIGUEL SIMON / #21 MIKYLE MCINTOSH / #4 TYLER CHEESE / #5 DAIVIEN WILLIAMSON,0.0,0,0
2026-07-23,Panteras,AGS,DRM,3,#0 JARON MARTIN / #21 MIKYLE MCINTOSH / #5 DAIVIEN WILLIAMSON,2.12,-1,-16.98
2026-07-23,Panteras,AGS,DRM,4,#0 JARON MARTIN / #15 MIGUEL SIMON / #21 MIKYLE MCINTOSH / #5 DAIVIEN WILLIAMSON,1.95,-1,-18.46
2026-07-23,Panteras,AGS,DRM,3,#0 JARON MARTIN / #1 AHMED HILL / #5 DAIVIEN WILLIAMSON,3.22,-1,-11.18
2026-07-23,Panteras,AGS,DRM,4,#0 JARON MARTIN / #1 AHMED HILL / #21 MIKYLE MCINTOSH / #5 DAIVIEN WILLIAMSON,1.95,-1,-18.46
2026-07-23,Panteras,AGS,DRM,4,#0 JARON MARTIN / #1 AHMED HILL / #15 MIGUEL SIMON / #5 DAIVIEN WILLIAMSON,3.22,-1,-11.18
2026-07-23,Panteras,AGS,DRM,5,#0 JARON MARTIN / #1 AHMED HILL / #15 MIGUEL SIMON / #21 MIKYLE MCINTOSH / #5 DAIVIEN WILLIAMSON,1.95,-1,-18.46
2026-07-23,Panteras,AGS,DRM,3,#1 AHMED HILL / #10 JONATAN MACHADO / #5 DAIVIEN WILLIAMSON,1.27,0,0.0
2026-07-23,Panteras,AGS,DRM,4,#1 AHMED HILL / #10 JONATAN MACHADO / #15 MIGUEL SIMON / #5 DAIVIEN WILLIAMSON,1.27,0,0.0
2026-07-23,Panteras,AGS,DRM,4,#0 JARON MARTIN / #1 AHMED HILL / #10 JONATAN MACHADO / #5 DAIVIEN WILLIAMSON,1.27,0,0.0
2026-07-23,Panteras,AGS,DRM,5,#0 JARON MARTIN / #1 AHMED HILL / #10 JONATAN MACHADO / #15 MIGUEL SIMON / #5 DAIVIEN WILLIAMSON,1.27,0,0.0
2026-07-23,Panteras,AGS,DRM,3,#15 MIGUEL SIMON / #24 GABRIEL GIRON / #5 DAIVIEN WILLIAMSON,0.75,-1,-48.0
2026-07-23,Panteras,AGS,DRM,4,#15 MIGUEL SIMON / #24 GABRIEL GIRON / #4 TYLER CHEESE / #5 DAIVIEN WILLIAMSON,0.75,-1,-48.0
2026-07-23,Panteras,AGS,DRM,4,#10 JONATAN MACHADO / #15 MIGUEL SIMON / #24 GABRIEL GIRON / #5 DAIVIEN WILLIAMSON,0.75,-1,-48.0
2026-07-23,Panteras,AGS,DRM,5,#10 JONATAN MACHADO / #15 MIGUEL SIMON / #24 GABRIEL GIRON / #4 TYLER CHEESE / #5 DAIVIEN WILLIAMSON,0.75,-1,-48.0
2026-07-23,Panteras,AGS,DRM,3,#0 JARON MARTIN / #24 GABRIEL GIRON / #5 DAIVIEN WILLIAMSON,0.92,-1,-39.13
2026-07-23,Panteras,AGS,DRM,4,#0 JARON MARTIN / #24 GABRIEL GIRON / #4 TYLER CHEESE / #5 DAIVIEN WILLIAMSON,0.75,-1,-48.0
2026-07-23,Panteras,AGS,DRM,4,#0 JARON MARTIN / #15 MIGUEL SIMON / #24 GABRIEL GIRON / #5 DAIVIEN WILLIAMSON,0.75,-1,-48.0
2026-07-23,Panteras,AGS,DRM,5,#0 JARON MARTIN / #15 MIGUEL SIMON / #24 GABRIEL GIRON / #4 TYLER CHEESE / #5 DAIVIEN WILLIAMSON,0.75,-1,-48.0
2026-07-23,Panteras,AGS,DRM,4,#0 JARON MARTIN / #10 JONATAN MACHADO / #24 GABRIEL GIRON / #5 DAIVIEN WILLIAMSON,0.92,-1,-39.13
2026-07-23,Panteras,AGS,DRM,5,#0 JARON MARTIN / #10 JONATAN MACHADO / #24 GABRIEL GIRON / #4 TYLER CHEESE / #5 DAIVIEN WILLIAMSON,0.75,-1,-48.0
2026-07-23,Panteras,AGS,DRM,5,#0 JARON MARTIN / #10 JONATAN MACHADO / #15 MIGUEL SIMON / #24 GABRIEL GIRON / #5 DAIVIEN WILLIAMSON,0.75,-1,-48.0
2026-07-23,Panteras,AGS,DRM,4,#15 MIGUEL SIMON / #21 MIKYLE MCINTOSH / #24 GABRIEL GIRON / #5 DAIVIEN WILLIAMSON,0.0,0,0
2026-07-23,Panteras,AGS,DRM,2,#10 JONATAN MACHADO / #21 MIKYLE MCINTOSH,3.1,-3,-34.84
2026-07-23,Panteras,AGS,DRM,3,#10 JONATAN MACHADO / #21 MIKYLE MCINTOSH / #5 DAIVIEN WILLIAMSON,0.17,0,0.0
2026-07-23,Panteras,AGS,DRM,3,#10 JONATAN MACHADO / #21 MIKYLE MCINTOSH / #24 GABRIEL GIRON,3.1,-3,-34.84
2026-07-23,Panteras,AGS,DRM,4,#10 JONATAN MACHADO / #21 MIKYLE MCINTOSH / #24 GABRIEL GIRON / #5 DAIVIEN WILLIAMSON,0.17,0,0.0
2026-07-23,Panteras,AGS,DRM,3,#10 JONATAN MACHADO / #15 MIGUEL SIMON / #21 MIKYLE MCINTOSH,0.0,0,0
2026-07-23,Panteras,AGS,DRM,4,#10 JONATAN MACHADO / #15 MIGUEL SIMON / #21 MIKYLE MCINTOSH / #5 DAIVIEN WILLIAMSON,0.0,0,0
2026-07-23,Panteras,AGS,DRM,4,#10 JONATAN MACHADO / #15 MIGUEL SIMON / #21 MIKYLE MCINTOSH / #24 GABRIEL GIRON,0.0,0,0
2026-07-23,Panteras,AGS,DRM,5,#10 JONATAN MACHADO / #15 MIGUEL SIMON / #21 MIKYLE MCINTOSH / #24 GABRIEL GIRON / #5 DAIVIEN WILLIAMSON,0.0,0,0
2026-07-23,Panteras,AGS,DRM,4,#0 JARON MARTIN / #21 MIKYLE MCINTOSH / #24 GABRIEL GIRON / #5 DAIVIEN WILLIAMSON,0.17,0,0.0
2026-07-23,Panteras,AGS,DRM,5,#0 JARON MARTIN / #15 MIGUEL SIMON / #21 MIKYLE MCINTOSH / #24 GABRIEL GIRON / #5 DAIVIEN WILLIAMSON,0.0,0,0
2026-07-23,Panteras,AGS,DRM,3,#0 JARON MARTIN / #10 JONATAN MACHADO / #21 MIKYLE MCINTOSH,3.1,-3,-34.84
2026-07-23,Panteras,AGS,DRM,4,#0 JARON MARTIN / #10 JONATAN MACHADO / #21 MIKYLE MCINTOSH / #5 DAIVIEN WILLIAMSON,0.17,0,0.0
2026-07-23,Panteras,AGS,DRM,4,#0 JARON MARTIN / #10 JONATAN MACHADO / #21 MIKYLE MCINTOSH / #24 GABRIEL GIRON,3.1,-3,-34.84
2026-07-23,Panteras,AGS,DRM,5,#0 JARON MARTIN / #10 JONATAN MACHADO / #21 MIKYLE MCINTOSH / #24 GABRIEL GIRON / #5 DAIVIEN WILLIAMSON,0.17,0,0.0
2026-07-23,Panteras,AGS,DRM,4,#0 JARON MARTIN / #10 JONATAN MACHADO / #15 MIGUEL SIMON / #21 MIKYLE MCINTOSH,0.0,0,0
2026-07-23,Panteras,AGS,DRM,5,#0 JARON MARTIN / #10 JONATAN MACHADO / #15 MIGUEL SIMON / #21 MIKYLE MCINTOSH / #5 DAIVIEN WILLIAMSON,0.0,0,0
2026-07-23,Panteras,AGS,DRM,5,#0 JARON MARTIN / #10 JONATAN MACHADO / #15 MIGUEL SIMON / #21 MIKYLE MCINTOSH / #24 GABRIEL GIRON,0.0,0,0
2026-07-23,Panteras,AGS,DRM,3,#10 JONATAN MACHADO / #21 MIKYLE MCINTOSH / #4 TYLER CHEESE,2.93,-3,-36.86
2026-07-23,Panteras,AGS,DRM,4,#10 JONATAN MACHADO / #21 MIKYLE MCINTOSH / #24 GABRIEL GIRON / #4 TYLER CHEESE,2.93,-3,-36.86
2026-07-23,Panteras,AGS,DRM,4,#0 JARON MARTIN / #10 JONATAN MACHADO / #21 MIKYLE MCINTOSH / #4 TYLER CHEESE,2.93,-3,-36.86
2026-07-23,Panteras,AGS,DRM,5,#0 JARON MARTIN / #10 JONATAN MACHADO / #21 MIKYLE MCINTOSH / #24 GABRIEL GIRON / #4 TYLER CHEESE,2.93,-3,-36.86
